"","Bin","X_Var","Y_Var","Q1","Median","Q3","IQR","State"
"1","0-10","N_P_MINORPCT","Facility_km",0.0875013543760675,0.392938450710488,4.07639304039168,3.98889168601561,"Michigan"
"2","10-20","N_P_MINORPCT","Facility_km",0.108716389436467,0.703471052799301,5.96153985307364,5.85282346363717,"Michigan"
"3","20-30","N_P_MINORPCT","Facility_km",0.390441014839492,2.41606733096438,10.728988808132,10.3385477932925,"Michigan"
"4","50-60","N_P_MINORPCT","Facility_km",3.44784913288946,9.36023097086405,20.1787090966104,16.730859963721,"Michigan"
"5","30-40","N_P_MINORPCT","Facility_km",1.00452746191652,5.1798173596399,14.1444784276847,13.1399509657682,"Michigan"
"6","40-50","N_P_MINORPCT","Facility_km",1.96007424030927,7.46972205847458,17.5693195770338,15.6092453367245,"Michigan"
"7","70-80","N_P_MINORPCT","Facility_km",7.53979512957762,15.8273447716675,29.629511920054,22.0897167904764,"Michigan"
"8","60-70","N_P_MINORPCT","Facility_km",3.86722790790122,11.144290289331,25.3405967592673,21.4733688513661,"Michigan"
"9","80-90","N_P_MINORPCT","Facility_km",9.16061624034268,17.934461995917,31.0590199810253,21.8984037406827,"Michigan"
"10","90-100","N_P_MINORPCT","Facility_km",14.608464661258,23.1929169238173,36.5441009982705,21.9356363370125,"Michigan"
"11","0-10","N_P_MINORPCT","Releases_km",0.0487229391217253,0.301837283544938,3.7656517887032,3.71692884958147,"Michigan"
"12","10-20","N_P_MINORPCT","Releases_km",0.0646455249042947,0.566313359492606,6.19912239400078,6.13447686909648,"Michigan"
"13","20-30","N_P_MINORPCT","Releases_km",0.250587143576481,2.16431009369298,11.6474617940854,11.3968746505089,"Michigan"
"14","50-60","N_P_MINORPCT","Releases_km",2.81790019832078,9.9162171343732,22.2566142336112,19.4387140352904,"Michigan"
"15","30-40","N_P_MINORPCT","Releases_km",0.72173274525472,4.74222003237039,14.9209442050667,14.199211459812,"Michigan"
"16","40-50","N_P_MINORPCT","Releases_km",1.79251304676028,7.4852485074786,19.8394458376254,18.0469327908651,"Michigan"
"17","70-80","N_P_MINORPCT","Releases_km",7.240668887284,15.6149153671587,31.4286668634082,24.1879979761242,"Michigan"
"18","60-70","N_P_MINORPCT","Releases_km",3.87015906929968,12.3412135047269,25.67037421879,21.8002151494903,"Michigan"
"19","80-90","N_P_MINORPCT","Releases_km",10.052910218646,20.4836123075889,34.1915463457661,24.13863612712,"Michigan"
"20","90-100","N_P_MINORPCT","Releases_km",15.9328410071403,26.2953571532111,41.8279018249205,25.8950608177802,"Michigan"
"21","0-10","N_P_MINORPCT","Tanks_km",0.190268614673545,0.981000040270052,11.2495910453042,11.0593224306307,"Michigan"
"22","10-20","N_P_MINORPCT","Tanks_km",0.240903000987278,1.63856527224762,16.0443549622132,15.803451961226,"Michigan"
"23","20-30","N_P_MINORPCT","Tanks_km",0.849122410760419,6.08574390891554,31.9695956357666,31.1204732250061,"Michigan"
"24","50-60","N_P_MINORPCT","Tanks_km",8.53331637546738,25.8003700535592,53.1117520395972,44.5784356641298,"Michigan"
"25","30-40","N_P_MINORPCT","Tanks_km",2.07993379924882,13.3862664555461,36.8953503946062,34.8154165953574,"Michigan"
"26","40-50","N_P_MINORPCT","Tanks_km",5.09170405864007,20.9806761487,49.9384246660231,44.846720607383,"Michigan"
"27","70-80","N_P_MINORPCT","Tanks_km",18.3466873091234,41.0406172508835,75.8536663058994,57.5069789967761,"Michigan"
"28","60-70","N_P_MINORPCT","Tanks_km",10.6036053290178,32.7722586753569,62.165773264437,51.5621679354192,"Michigan"
"29","80-90","N_P_MINORPCT","Tanks_km",25.9161411242495,49.5213148765015,85.5717570952887,59.6556159710392,"Michigan"
"30","90-100","N_P_MINORPCT","Tanks_km",40.3661881456821,67.8333535276326,105.086640382402,64.7204522367203,"Michigan"
"31","0-10","N_P_MINORPCT","Capacity_km",734.974465535156,5267.08981718762,70278.5129374975,69543.5384719623,"Michigan"
"32","10-20","N_P_MINORPCT","Capacity_km",1040.78954660195,9565.70761620932,97471.7715609605,96430.9820143586,"Michigan"
"33","20-30","N_P_MINORPCT","Capacity_km",4381.73257688023,40629.9650219353,202725.307637468,198343.575060588,"Michigan"
"34","50-60","N_P_MINORPCT","Capacity_km",57289.0663927174,178554.676383582,328501.396841723,271212.330449006,"Michigan"
"35","30-40","N_P_MINORPCT","Capacity_km",13396.7933393397,90958.1508778794,232950.443121974,219553.649782635,"Michigan"
"36","40-50","N_P_MINORPCT","Capacity_km",35034.581829881,138317.372474386,327960.256442943,292925.674613061,"Michigan"
"37","70-80","N_P_MINORPCT","Capacity_km",124823.413948475,243901.473317011,445302.446224286,320479.032275811,"Michigan"
"38","60-70","N_P_MINORPCT","Capacity_km",82242.5873672645,216782.658320169,409812.784998568,327570.197631303,"Michigan"
"39","80-90","N_P_MINORPCT","Capacity_km",160373.861807076,292410.349463921,521840.842320567,361466.980513491,"Michigan"
"40","90-100","N_P_MINORPCT","Capacity_km",253392.403740178,435641.624348905,680184.690122367,426792.286382189,"Michigan"
"41","40-50","N_P_LWINCPCT","Facility_km",0.192196226161485,2.62416632697564,10.3475562988656,10.1553600727041,"Michigan"
"42","60-70","N_P_LWINCPCT","Facility_km",0.165367751725382,2.94855789658285,14.4793924404393,14.3140246887139,"Michigan"
"43","70-80","N_P_LWINCPCT","Facility_km",0.596590766267712,7.12727414321982,19.2884133308486,18.6918225645808,"Michigan"
"44","80-90","N_P_LWINCPCT","Facility_km",4.7312127004619,14.1551524569965,27.8385678159321,23.1073551154702,"Michigan"
"45","50-60","N_P_LWINCPCT","Facility_km",0.130427417181696,2.0939202341709,10.4486076768834,10.3181802597017,"Michigan"
"46","10-20","N_P_LWINCPCT","Facility_km",0.332152624093242,1.61843388678478,5.93355493032012,5.60140230622688,"Michigan"
"47","20-30","N_P_LWINCPCT","Facility_km",0.199163507046954,1.55194837745897,7.33236364429735,7.13320013725039,"Michigan"
"48","30-40","N_P_LWINCPCT","Facility_km",0.209006173147749,1.77634101435558,8.56510860944447,8.35610243629672,"Michigan"
"49","90-100","N_P_LWINCPCT","Facility_km",12.1726867332526,23.5569603254116,38.1579827126591,25.9852959794065,"Michigan"
"50","0-10","N_P_LWINCPCT","Facility_km",0.34147741158931,1.73455648474783,5.13908086883839,4.79760345724908,"Michigan"
"51","40-50","N_P_LWINCPCT","Releases_km",0.110422514969967,1.91686627502873,11.6596634614892,11.5492409465193,"Michigan"
"52","60-70","N_P_LWINCPCT","Releases_km",0.101630920171089,2.35559565350196,14.5801345715894,14.4785036514183,"Michigan"
"53","70-80","N_P_LWINCPCT","Releases_km",0.390614685216946,7.13393058483512,19.6555354894393,19.2649208042223,"Michigan"
"54","80-90","N_P_LWINCPCT","Releases_km",3.96948290286934,13.8418028133419,30.0846694328911,26.1151865300217,"Michigan"
"55","50-60","N_P_LWINCPCT","Releases_km",0.0873810989956298,1.81809155012735,10.129739352791,10.0423582537954,"Michigan"
"56","10-20","N_P_LWINCPCT","Releases_km",0.159745253145335,1.40514317492165,6.22455251134509,6.06480725819975,"Michigan"
"57","20-30","N_P_LWINCPCT","Releases_km",0.145689745586041,1.22267106317953,8.03568737175885,7.88999762617281,"Michigan"
"58","30-40","N_P_LWINCPCT","Releases_km",0.12661198349309,1.46400285837783,9.19794077300345,9.07132878951036,"Michigan"
"59","90-100","N_P_LWINCPCT","Releases_km",12.261259461554,25.1947338473921,42.0250999305927,29.7638404690387,"Michigan"
"60","0-10","N_P_LWINCPCT","Releases_km",0.140974140498689,1.63255444160924,5.95962103891516,5.81864689841647,"Michigan"
"61","40-50","N_P_LWINCPCT","Tanks_km",0.389053876166365,6.50449754271482,30.5206755958891,30.1316217197227,"Michigan"
"62","60-70","N_P_LWINCPCT","Tanks_km",0.367331912717401,8.2941472518014,39.3603870415101,38.9930551287927,"Michigan"
"63","70-80","N_P_LWINCPCT","Tanks_km",1.50368191454138,19.1231923901897,52.0725293655224,50.5688474509811,"Michigan"
"64","80-90","N_P_LWINCPCT","Tanks_km",10.332501059902,35.8038781167015,71.5757933213537,61.2432922614517,"Michigan"
"65","50-60","N_P_LWINCPCT","Tanks_km",0.318061685261446,4.9902106506638,27.847296864148,27.5292351788866,"Michigan"
"66","10-20","N_P_LWINCPCT","Tanks_km",0.680944504486631,3.92156255063512,17.1161996987828,16.4352551942962,"Michigan"
"67","20-30","N_P_LWINCPCT","Tanks_km",0.488745555945747,3.74333039883992,21.6238162516713,21.1350706957255,"Michigan"
"68","30-40","N_P_LWINCPCT","Tanks_km",0.452429870575461,4.34412488832252,24.96310508816,24.5106752175845,"Michigan"
"69","90-100","N_P_LWINCPCT","Tanks_km",31.4994342222687,62.7960600244565,100.157287829002,68.6578536067329,"Michigan"
"70","0-10","N_P_LWINCPCT","Tanks_km",0.542827348470172,4.37048271840642,15.5278990139127,14.9850716654425,"Michigan"
"71","40-50","N_P_LWINCPCT","Capacity_km",1841.51882302209,44299.753908717,200947.407805453,199105.888982431,"Michigan"
"72","60-70","N_P_LWINCPCT","Capacity_km",1842.3291653747,50802.6911851988,252326.083534932,250483.754369558,"Michigan"
"73","70-80","N_P_LWINCPCT","Capacity_km",8470.31614834749,119693.018396705,306850.510755295,298380.194606948,"Michigan"
"74","80-90","N_P_LWINCPCT","Capacity_km",61182.4639577647,222585.018592373,439188.153322483,378005.689364718,"Michigan"
"75","50-60","N_P_LWINCPCT","Capacity_km",1483.27139180636,27661.9221347627,185224.433211266,183741.16181946,"Michigan"
"76","10-20","N_P_LWINCPCT","Capacity_km",2911.52124406993,26389.5938548648,117455.799919432,114544.278675362,"Michigan"
"77","20-30","N_P_LWINCPCT","Capacity_km",2081.68941911049,25816.7405869691,153028.822854442,150947.133435332,"Michigan"
"78","30-40","N_P_LWINCPCT","Capacity_km",2210.1727626059,28576.0776499183,162539.120156308,160328.947393702,"Michigan"
"79","90-100","N_P_LWINCPCT","Capacity_km",183004.872954781,378953.336669665,627081.821211704,444076.948256923,"Michigan"
"80","0-10","N_P_LWINCPCT","Capacity_km",2356.9881336386,26672.0582298411,107269.737671938,104912.749538299,"Michigan"
"81","20-30","N_P_LESHSPCT","Facility_km",0.231225540248274,2.31681566043823,9.54893757051523,9.31771203026696,"Michigan"
"82","50-60","N_P_LESHSPCT","Facility_km",0.184649874355337,3.19378999473424,12.9582898348402,12.7736399604849,"Michigan"
"83","30-40","N_P_LESHSPCT","Facility_km",0.234691005179462,2.14530585625593,10.6378587645416,10.4031677593621,"Michigan"
"84","60-70","N_P_LESHSPCT","Facility_km",0.319546313697142,6.09799507715879,18.1803298186645,17.8607835049674,"Michigan"
"85","70-80","N_P_LESHSPCT","Facility_km",1.83409484142835,10.9793226416689,25.1625636181499,23.3284687767216,"Michigan"
"86","40-50","N_P_LESHSPCT","Facility_km",0.189923545853959,2.21657188096887,10.992981908127,10.8030583622731,"Michigan"
"87","0-10","N_P_LESHSPCT","Facility_km",0.878437635547807,4.14825876838197,14.1738533352652,13.2954156997174,"Michigan"
"88","10-20","N_P_LESHSPCT","Facility_km",0.43688860129919,2.34418926975218,7.74874028310331,7.31185168180413,"Michigan"
"89","80-90","N_P_LESHSPCT","Facility_km",8.21323961655049,19.7093527448559,33.1313510549793,24.9181114384288,"Michigan"
"90","90-100","N_P_LESHSPCT","Facility_km",13.7409986787292,25.8415043631765,38.3367579909063,24.5957593121771,"Michigan"
"91","20-30","N_P_LESHSPCT","Releases_km",0.143789339415239,2.05553225952328,9.40955069395436,9.26576135453912,"Michigan"
"92","50-60","N_P_LESHSPCT","Releases_km",0.118498314473408,2.79979281533167,13.184919844029,13.0664215295556,"Michigan"
"93","30-40","N_P_LESHSPCT","Releases_km",0.13914367333195,1.84132899761732,10.950848383495,10.811704710163,"Michigan"
"94","60-70","N_P_LESHSPCT","Releases_km",0.185013746969456,5.63057420039968,19.485245387553,19.3002316405835,"Michigan"
"95","70-80","N_P_LESHSPCT","Releases_km",1.426668644088,11.0096146965145,28.0842100318632,26.6575413877752,"Michigan"
"96","40-50","N_P_LESHSPCT","Releases_km",0.126937144455094,2.03698419848864,11.4316595341744,11.3047223897193,"Michigan"
"97","0-10","N_P_LESHSPCT","Releases_km",0.618786034617985,4.6106427466521,15.1351916596838,14.5164056250659,"Michigan"
"98","10-20","N_P_LESHSPCT","Releases_km",0.282085200189266,1.98934990442621,8.31649548957197,8.03441028938271,"Michigan"
"99","80-90","N_P_LESHSPCT","Releases_km",7.51838102931322,19.9138454631282,36.2691434639296,28.7507624346164,"Michigan"
"100","90-100","N_P_LESHSPCT","Releases_km",14.5506319035638,25.6040966554649,43.3978062974257,28.8471743938619,"Michigan"
"101","20-30","N_P_LESHSPCT","Tanks_km",0.584476957796418,6.00198804311644,26.7116609755989,26.1271840178025,"Michigan"
"102","50-60","N_P_LESHSPCT","Tanks_km",0.434954466138373,8.29789533976742,35.7735203755994,35.338565909461,"Michigan"
"103","30-40","N_P_LESHSPCT","Tanks_km",0.523542623897562,5.82866360234392,30.3828172057882,29.8592745818906,"Michigan"
"104","60-70","N_P_LESHSPCT","Tanks_km",0.704367938886216,15.0228853589959,49.343408710745,48.6390407718588,"Michigan"
"105","70-80","N_P_LESHSPCT","Tanks_km",4.12877695207248,30.8933321891358,67.4633169108876,63.3345399588151,"Michigan"
"106","40-50","N_P_LESHSPCT","Tanks_km",0.404874386580853,5.59662303033185,32.460541392886,32.0556670063051,"Michigan"
"107","0-10","N_P_LESHSPCT","Tanks_km",1.70964573575886,11.6769001722343,39.3199183237919,37.610272588033,"Michigan"
"108","10-20","N_P_LESHSPCT","Tanks_km",1.0351792605493,6.29132093637024,22.0097847394319,20.9746054788826,"Michigan"
"109","80-90","N_P_LESHSPCT","Tanks_km",20.0902897071933,53.5722290311189,86.8495513432941,66.7592616361008,"Michigan"
"110","90-100","N_P_LESHSPCT","Tanks_km",34.4695275000432,66.1578526363904,105.741565290274,71.2720377902308,"Michigan"
"111","20-30","N_P_LESHSPCT","Capacity_km",2729.01198392444,39836.0224044861,162811.879348553,160082.867364628,"Michigan"
"112","50-60","N_P_LESHSPCT","Capacity_km",2087.78374191362,50639.9004844278,216343.953602543,214256.169860629,"Michigan"
"113","30-40","N_P_LESHSPCT","Capacity_km",2567.969806292,35726.1601508379,191903.480216159,189335.510409867,"Michigan"
"114","60-70","N_P_LESHSPCT","Capacity_km",3233.57634269924,95939.6469634389,307615.414487397,304381.838144698,"Michigan"
"115","70-80","N_P_LESHSPCT","Capacity_km",22045.9015882215,196595.150359341,413562.602556163,391516.700967942,"Michigan"
"116","40-50","N_P_LESHSPCT","Capacity_km",1920.76311212858,37249.9009132927,205665.678100307,203744.914988179,"Michigan"
"117","0-10","N_P_LESHSPCT","Capacity_km",8766.68127114554,72586.6682100726,254596.450910016,245829.76963887,"Michigan"
"118","10-20","N_P_LESHSPCT","Capacity_km",4346.01924435997,40538.944737545,143213.019257688,138867.000013328,"Michigan"
"119","80-90","N_P_LESHSPCT","Capacity_km",116290.809881838,322043.07125136,566284.123521604,449993.313639766,"Michigan"
"120","90-100","N_P_LESHSPCT","Capacity_km",214754.040882157,401964.688480922,671983.951174722,457229.910292565,"Michigan"
"121","40-50","N_P_LNGISPCT","Facility_km",0.256186920531091,3.67518697513736,16.6461956325057,16.3900087119747,"Michigan"
"122","50-60","N_P_LNGISPCT","Facility_km",0.747620441338899,4.1721318889617,12.5292676089591,11.7816471676202,"Michigan"
"123","80-90","N_P_LNGISPCT","Facility_km",3.99560483468185,11.2913120881023,24.4423431484518,20.4467383137699,"Michigan"
"124","90-100","N_P_LNGISPCT","Facility_km",9.95660788852374,22.0684887400271,37.0304230384532,27.0738151499295,"Michigan"
"125","70-80","N_P_LNGISPCT","Facility_km",2.82870448844006,8.93208348574929,19.4153600609161,16.5866555724761,"Michigan"
"126","60-70","N_P_LNGISPCT","Facility_km",1.44429707265055,6.42119164474543,17.5840823476103,16.1397852749597,"Michigan"
"127","40-50","N_P_LNGISPCT","Releases_km",0.163829192265506,3.45960906417575,17.1387107768269,16.9748815845614,"Michigan"
"128","50-60","N_P_LNGISPCT","Releases_km",0.523231438157759,4.3954321112819,13.9637734648342,13.4405420266765,"Michigan"
"129","80-90","N_P_LNGISPCT","Releases_km",4.35171109280169,12.2556028531043,26.6539912130676,22.3022801202659,"Michigan"
"130","90-100","N_P_LNGISPCT","Releases_km",10.8206102889496,24.8433852646822,38.881660303398,28.0610500144485,"Michigan"
"131","70-80","N_P_LNGISPCT","Releases_km",2.44972427734485,9.9148576763949,21.4697681838923,19.0200439065475,"Michigan"
"132","60-70","N_P_LNGISPCT","Releases_km",1.16088064405658,6.63481708730793,18.6688761830714,17.5079955390148,"Michigan"
"133","40-50","N_P_LNGISPCT","Tanks_km",0.574413807564981,9.24063021098039,43.7511310606151,43.1767172530502,"Michigan"
"134","50-60","N_P_LNGISPCT","Tanks_km",1.72970279490316,12.2760605108616,33.6729979360473,31.9432951411442,"Michigan"
"135","80-90","N_P_LNGISPCT","Tanks_km",11.7018942441308,31.1812226677095,65.04639201602,53.3444977718892,"Michigan"
"136","90-100","N_P_LNGISPCT","Tanks_km",30.2885197758328,63.4916480211534,105.863309050293,75.5747892744597,"Michigan"
"137","70-80","N_P_LNGISPCT","Tanks_km",7.43721259019193,25.7668516394193,50.7466523359731,43.3094397457812,"Michigan"
"138","60-70","N_P_LNGISPCT","Tanks_km",3.49040241140268,19.0625059570331,47.2613616313362,43.7709592199335,"Michigan"
"139","40-50","N_P_LNGISPCT","Capacity_km",2991.61552378719,57337.599917421,272075.361228566,269083.745704779,"Michigan"
"140","50-60","N_P_LNGISPCT","Capacity_km",9313.67526939806,79102.4485618709,225052.980500866,215739.305231468,"Michigan"
"141","80-90","N_P_LNGISPCT","Capacity_km",93244.9837112669,205687.71239492,455021.986122996,361777.002411729,"Michigan"
"142","90-100","N_P_LNGISPCT","Capacity_km",217278.908145006,428395.984498596,685304.996570509,468026.088425503,"Michigan"
"143","70-80","N_P_LNGISPCT","Capacity_km",51871.4005726376,170602.469590076,348192.825441691,296321.424869054,"Michigan"
"144","60-70","N_P_LNGISPCT","Capacity_km",24808.8802870301,133030.546712909,303113.298627513,278304.418340483,"Michigan"
"145","20-30","N_P_UNDR5PCT","Facility_km",0.179707680951394,2.40573038541356,11.0679244136154,10.888216732664,"Michigan"
"146","10-20","N_P_UNDR5PCT","Facility_km",0.238973873864094,2.98743187410564,13.0215589480058,12.7825850741417,"Michigan"
"147","30-40","N_P_UNDR5PCT","Facility_km",0.255598125795866,2.54861866506773,12.2289824606144,11.9733843348186,"Michigan"
"148","40-50","N_P_UNDR5PCT","Facility_km",0.208194963201714,3.03882642043056,12.8560907566544,12.6478957934527,"Michigan"
"149","0-10","N_P_UNDR5PCT","Facility_km",1.43139448904942,9.03191056109513,23.9316585467776,22.5002640577282,"Michigan"
"150","50-60","N_P_UNDR5PCT","Facility_km",0.253940694603375,3.37593766668692,13.7346614424615,13.4807207478581,"Michigan"
"151","70-80","N_P_UNDR5PCT","Facility_km",0.66788355049567,5.13196681601831,17.7277304250401,17.0598468745444,"Michigan"
"152","60-70","N_P_UNDR5PCT","Facility_km",0.354014404543932,4.36767482234059,16.0051276271377,15.6511132225938,"Michigan"
"153","80-90","N_P_UNDR5PCT","Facility_km",1.49598839205069,7.43425186775796,20.249414936547,18.7534265444963,"Michigan"
"154","90-100","N_P_UNDR5PCT","Facility_km",5.86926792621156,16.0361408797885,27.7338658235571,21.8645978973456,"Michigan"
"155","20-30","N_P_UNDR5PCT","Releases_km",0.123859594367211,2.22154960904166,12.1136740399823,11.989814445615,"Michigan"
"156","10-20","N_P_UNDR5PCT","Releases_km",0.152551110170329,2.96201261140341,14.3136578896201,14.1611067794498,"Michigan"
"157","30-40","N_P_UNDR5PCT","Releases_km",0.15274269219239,2.38308256290542,12.9174640027787,12.7647213105863,"Michigan"
"158","40-50","N_P_UNDR5PCT","Releases_km",0.132491794915633,2.48095556484536,13.7944141818839,13.6619223869683,"Michigan"
"159","0-10","N_P_UNDR5PCT","Releases_km",0.959867790553009,9.21199296203738,27.5737828472688,26.6139150567158,"Michigan"
"160","50-60","N_P_UNDR5PCT","Releases_km",0.142492438115614,3.32605481670943,14.1793833309792,14.0368908928636,"Michigan"
"161","70-80","N_P_UNDR5PCT","Releases_km",0.453658003260591,5.39050866187361,18.8073329791286,18.353674975868,"Michigan"
"162","60-70","N_P_UNDR5PCT","Releases_km",0.260339588778037,4.31764675099241,16.7324394469194,16.4720998581414,"Michigan"
"163","80-90","N_P_UNDR5PCT","Releases_km",0.959757004882476,8.14116122267216,20.9358608965573,19.9761038916748,"Michigan"
"164","90-100","N_P_UNDR5PCT","Releases_km",5.37990718987609,16.165927075503,30.9718342139658,25.5919270240897,"Michigan"
"165","20-30","N_P_UNDR5PCT","Tanks_km",0.397372276890112,5.93065165491624,32.0128877760726,31.6155154991825,"Michigan"
"166","10-20","N_P_UNDR5PCT","Tanks_km",0.522589710606814,7.93382434890693,36.3053514694334,35.7827617588266,"Michigan"
"167","30-40","N_P_UNDR5PCT","Tanks_km",0.588064171730609,7.09357304909032,34.5012313683363,33.9131671966057,"Michigan"
"168","40-50","N_P_UNDR5PCT","Tanks_km",0.521281309458649,7.34011140191933,34.51370193967,33.9924206302114,"Michigan"
"169","0-10","N_P_UNDR5PCT","Tanks_km",2.9381907502817,23.6642382650733,65.5670633036883,62.6288725534066,"Michigan"
"170","50-60","N_P_UNDR5PCT","Tanks_km",0.530305992265987,9.52867973789778,38.4780867038301,37.9477807115641,"Michigan"
"171","70-80","N_P_UNDR5PCT","Tanks_km",1.44629309398147,13.6651774302714,47.5983649961624,46.1520719021809,"Michigan"
"172","60-70","N_P_UNDR5PCT","Tanks_km",0.823178099988836,12.1988952312907,43.0524319487267,42.2292538487379,"Michigan"
"173","80-90","N_P_UNDR5PCT","Tanks_km",3.20304673805724,20.1338117784442,54.994376381512,51.7913296434547,"Michigan"
"174","90-100","N_P_UNDR5PCT","Tanks_km",14.8642890410552,41.8088166432537,74.6219156274874,59.7576265864322,"Michigan"
"175","20-30","N_P_UNDR5PCT","Capacity_km",1799.88825915959,37889.19678189,212098.070472165,210298.182213005,"Michigan"
"176","10-20","N_P_UNDR5PCT","Capacity_km",3034.26127640805,51369.2029556137,233928.286454898,230894.02517849,"Michigan"
"177","30-40","N_P_UNDR5PCT","Capacity_km",2745.27422134103,47260.4660704948,223261.940711703,220516.666490362,"Michigan"
"178","40-50","N_P_UNDR5PCT","Capacity_km",2879.91067318268,51112.8145151248,231801.90407037,228921.993397188,"Michigan"
"179","0-10","N_P_UNDR5PCT","Capacity_km",15127.5153214868,150672.784462149,411419.5407624,396292.025440913,"Michigan"
"180","50-60","N_P_UNDR5PCT","Capacity_km",2518.07052526809,60395.4416292908,242408.700463212,239890.629937944,"Michigan"
"181","70-80","N_P_UNDR5PCT","Capacity_km",6889.31247919218,80082.1496210554,297892.766479025,291003.453999833,"Michigan"
"182","60-70","N_P_UNDR5PCT","Capacity_km",4104.40700708318,77157.0406835567,273997.054754786,269892.647747703,"Michigan"
"183","80-90","N_P_UNDR5PCT","Capacity_km",20962.498434026,128581.676170333,334998.343326522,314035.844892496,"Michigan"
"184","90-100","N_P_UNDR5PCT","Capacity_km",94773.7104174776,265101.742457228,490192.671823228,395418.961405751,"Michigan"
"185","90-100","N_P_OVR64PCT","Facility_km",0.166592236957244,2.09249088720219,9.02262423025737,8.85603199330013,"Michigan"
"186","80-90","N_P_OVR64PCT","Facility_km",0.177795875464004,1.90435907902663,9.75689037769294,9.57909450222894,"Michigan"
"187","70-80","N_P_OVR64PCT","Facility_km",0.183092885584157,2.24646658886404,11.0575434561458,10.8744505705616,"Michigan"
"188","60-70","N_P_OVR64PCT","Facility_km",0.181143542025676,2.69610640546866,12.1355358485121,11.9543923064865,"Michigan"
"189","40-50","N_P_OVR64PCT","Facility_km",0.594118841385426,6.21926988530897,19.2309969615777,18.6368781201922,"Michigan"
"190","50-60","N_P_OVR64PCT","Facility_km",0.350727933034864,4.10766462310798,14.7668666515672,14.4161387185324,"Michigan"
"191","20-30","N_P_OVR64PCT","Facility_km",2.57337326195333,12.3193156058133,24.4707715182208,21.8973982562674,"Michigan"
"192","30-40","N_P_OVR64PCT","Facility_km",1.41524834555604,7.59142173987508,21.9085689140843,20.4933205685283,"Michigan"
"193","10-20","N_P_OVR64PCT","Facility_km",4.27144156881506,14.6473146345715,28.790270390709,24.5188288218939,"Michigan"
"194","0-10","N_P_OVR64PCT","Facility_km",8.22633084250452,20.8087827539503,37.6625761289076,29.436245286403,"Michigan"
"195","90-100","N_P_OVR64PCT","Releases_km",0.105408934752941,1.6126114818475,8.89149706136022,8.78608812660728,"Michigan"
"196","80-90","N_P_OVR64PCT","Releases_km",0.104020895714186,1.78869498241155,10.6477544512051,10.5437335554909,"Michigan"
"197","70-80","N_P_OVR64PCT","Releases_km",0.128896597860231,2.03219246894873,11.2039796535729,11.0750830557127,"Michigan"
"198","60-70","N_P_OVR64PCT","Releases_km",0.117260297218695,2.10009731096943,12.6398286933069,12.5225683960882,"Michigan"
"199","40-50","N_P_OVR64PCT","Releases_km",0.427225918594165,6.52576668252683,20.1488697549047,19.7216438363105,"Michigan"
"200","50-60","N_P_OVR64PCT","Releases_km",0.236910915415854,3.75165445818623,16.3858967068617,16.1489857914458,"Michigan"
"201","20-30","N_P_OVR64PCT","Releases_km",2.25381281013456,11.2947647222332,27.748593801831,25.4947809916964,"Michigan"
"202","30-40","N_P_OVR64PCT","Releases_km",1.10423403533916,7.90357002355771,23.1986605332785,22.0944264979393,"Michigan"
"203","10-20","N_P_OVR64PCT","Releases_km",5.10840025337665,14.2717279922818,29.2843871916598,24.1759869382832,"Michigan"
"204","0-10","N_P_OVR64PCT","Releases_km",8.47919767858921,21.7389790494736,41.7549443553984,33.2757466768091,"Michigan"
"205","90-100","N_P_OVR64PCT","Tanks_km",0.390425425503198,5.60069560639431,24.2504228454012,23.859997419898,"Michigan"
"206","80-90","N_P_OVR64PCT","Tanks_km",0.382375280159346,4.65759005222617,28.2150758631486,27.8327005829893,"Michigan"
"207","70-80","N_P_OVR64PCT","Tanks_km",0.442574158832489,5.47226065471951,28.850050116034,28.4074759572015,"Michigan"
"208","60-70","N_P_OVR64PCT","Tanks_km",0.39088285341665,6.2244784310069,33.047606755297,32.6567239018804,"Michigan"
"209","40-50","N_P_OVR64PCT","Tanks_km",1.43435045684853,17.6626049675029,53.8221355169599,52.3877850601114,"Michigan"
"210","50-60","N_P_OVR64PCT","Tanks_km",0.820617527440956,10.4162355386705,42.817719130849,41.997101603408,"Michigan"
"211","20-30","N_P_OVR64PCT","Tanks_km",6.21617761108406,32.2797458829612,65.3057170930655,59.0895394819814,"Michigan"
"212","30-40","N_P_OVR64PCT","Tanks_km",3.23822419634088,22.0364249903858,57.9212194170606,54.6829952207197,"Michigan"
"213","10-20","N_P_OVR64PCT","Tanks_km",11.8153497146593,38.1343813226275,73.832469782976,62.0171200683167,"Michigan"
"214","0-10","N_P_OVR64PCT","Tanks_km",22.3584582320446,49.705247052688,87.3308168421058,64.9723586100612,"Michigan"
"215","90-100","N_P_OVR64PCT","Capacity_km",1573.99395121057,32734.6894770216,162896.047796429,161322.053845218,"Michigan"
"216","80-90","N_P_OVR64PCT","Capacity_km",1687.89725709522,29827.2161869046,180153.476099081,178465.578841986,"Michigan"
"217","70-80","N_P_OVR64PCT","Capacity_km",2170.15394777393,32810.3373438358,188302.985993239,186132.832045465,"Michigan"
"218","60-70","N_P_OVR64PCT","Capacity_km",1835.28686041014,42052.4929370235,219334.521905882,217499.235045472,"Michigan"
"219","40-50","N_P_OVR64PCT","Capacity_km",8428.65702892454,124467.024273512,330549.504830008,322120.847801083,"Michigan"
"220","50-60","N_P_OVR64PCT","Capacity_km",4947.30333179194,72405.0317639882,271583.010209864,266635.706878072,"Michigan"
"221","20-30","N_P_OVR64PCT","Capacity_km",40126.0647307517,201088.034726957,409403.522828165,369277.458097413,"Michigan"
"222","30-40","N_P_OVR64PCT","Capacity_km",17873.5387181793,130756.855824953,350903.647069301,333030.108351122,"Michigan"
"223","10-20","N_P_OVR64PCT","Capacity_km",66966.7322939872,226170.586042168,431790.781408238,364824.049114251,"Michigan"
"224","0-10","N_P_OVR64PCT","Capacity_km",125049.507349284,323608.296347652,537290.511304516,412241.003955231,"Michigan"
"225","10-20","N_P_VULEOPCT","Facility_km",0.147105183295265,0.831968841405486,4.89766332482772,4.75055814153246,"Michigan"
"226","30-40","N_P_VULEOPCT","Facility_km",0.137267179643144,1.55433652258965,8.17518435503147,8.03791717538832,"Michigan"
"227","20-30","N_P_VULEOPCT","Facility_km",0.120310859879305,1.13646168853953,7.00204518276344,6.88173432288414,"Michigan"
"228","40-50","N_P_VULEOPCT","Facility_km",0.269144824164787,3.41294351588824,12.9665943813418,12.697449557177,"Michigan"
"229","60-70","N_P_VULEOPCT","Facility_km",4.04180423511667,12.0371233167274,24.5805581448888,20.5387539097721,"Michigan"
"230","0-10","N_P_VULEOPCT","Facility_km",0.155273877240473,0.889906438473082,4.42310297260164,4.26782909536117,"Michigan"
"231","50-60","N_P_VULEOPCT","Facility_km",1.96805769225022,7.55963348147924,16.2610017734345,14.2929440811842,"Michigan"
"232","80-90","N_P_VULEOPCT","Facility_km",10.2074264295624,20.0273707400113,33.5621150844926,23.3546886549302,"Michigan"
"233","70-80","N_P_VULEOPCT","Facility_km",6.15802887653691,14.1180722619411,28.0522894675675,21.8942605910306,"Michigan"
"234","90-100","N_P_VULEOPCT","Facility_km",15.6149153671587,24.6620274652779,37.4740024108275,21.8590870436688,"Michigan"
"235","10-20","N_P_VULEOPCT","Releases_km",0.0844891876651869,0.632656527924036,5.55507205854305,5.47058287087787,"Michigan"
"236","30-40","N_P_VULEOPCT","Releases_km",0.0910227818754872,1.373419895109,8.40604228553577,8.31501950366028,"Michigan"
"237","20-30","N_P_VULEOPCT","Releases_km",0.0663578618898519,0.882745100787965,7.0825160832812,7.01615822139134,"Michigan"
"238","40-50","N_P_VULEOPCT","Releases_km",0.147523723046275,2.88164507353958,12.5676422239117,12.4201185008654,"Michigan"
"239","60-70","N_P_VULEOPCT","Releases_km",4.10879535474574,12.2129447519613,25.6220448809182,21.5132495261725,"Michigan"
"240","0-10","N_P_VULEOPCT","Releases_km",0.0771608034229767,0.68443611105455,4.47709239711362,4.39993159369064,"Michigan"
"241","50-60","N_P_VULEOPCT","Releases_km",1.60681540594695,7.45664334725737,17.1318375550834,15.5250221491364,"Michigan"
"242","80-90","N_P_VULEOPCT","Releases_km",10.9844240866451,21.6788637647646,36.9731328567907,25.9887087701456,"Michigan"
"243","70-80","N_P_VULEOPCT","Releases_km",6.31860956890233,14.7954163800055,30.620931243761,24.3023216748587,"Michigan"
"244","90-100","N_P_VULEOPCT","Releases_km",15.6149153671587,26.952309812951,42.4678942719304,26.8529789047717,"Michigan"
"245","10-20","N_P_VULEOPCT","Tanks_km",0.296752107533468,1.86019240342067,13.984335213838,13.6875831063045,"Michigan"
"246","30-40","N_P_VULEOPCT","Tanks_km",0.312867714780532,3.48923234444213,21.6121512401351,21.2992835253545,"Michigan"
"247","20-30","N_P_VULEOPCT","Tanks_km",0.260823587715016,2.49964128613492,19.872756016708,19.611932428993,"Michigan"
"248","40-50","N_P_VULEOPCT","Tanks_km",0.705358476567078,8.49358382962222,34.8207256681818,34.1153671916147,"Michigan"
"249","60-70","N_P_VULEOPCT","Tanks_km",11.5462715687166,32.791441545967,62.8753646550032,51.3290930862866,"Michigan"
"250","0-10","N_P_VULEOPCT","Tanks_km",0.327264294904401,1.99162124940376,12.2686779119324,11.941413617028,"Michigan"
"251","50-60","N_P_VULEOPCT","Tanks_km",5.23524265744878,19.9455486521795,44.6714658222167,39.4362231647679,"Michigan"
"252","80-90","N_P_VULEOPCT","Tanks_km",27.274247476685,52.0828934440306,86.2706433325117,58.9963958558267,"Michigan"
"253","70-80","N_P_VULEOPCT","Tanks_km",16.5928457871283,36.4039086472227,70.4206955065917,53.8278497194634,"Michigan"
"254","90-100","N_P_VULEOPCT","Tanks_km",40.2937993599042,68.1070861336697,105.020802197358,64.7270028374541,"Michigan"
"255","10-20","N_P_VULEOPCT","Capacity_km",1235.0137843975,11632.064698008,97475.4326567051,96240.4188723076,"Michigan"
"256","30-40","N_P_VULEOPCT","Capacity_km",1469.16259327508,24569.3912913672,140314.220808345,138845.058215069,"Michigan"
"257","20-30","N_P_VULEOPCT","Capacity_km",1208.10928746404,14910.1819523948,134812.186227057,133604.076939593,"Michigan"
"258","40-50","N_P_VULEOPCT","Capacity_km",3108.55832649064,55027.4879215826,221144.847985015,218036.289658524,"Michigan"
"259","60-70","N_P_VULEOPCT","Capacity_km",80263.2583194127,216130.412515427,397966.380665761,317703.122346348,"Michigan"
"260","0-10","N_P_VULEOPCT","Capacity_km",1452.58016174702,11676.9683476311,81072.1253369473,79619.5451752003,"Michigan"
"261","50-60","N_P_VULEOPCT","Capacity_km",32150.5816332495,125877.036746489,291197.98218862,259047.40055537,"Michigan"
"262","80-90","N_P_VULEOPCT","Capacity_km",175501.430370567,313698.352011301,543614.309081347,368112.87871078,"Michigan"
"263","70-80","N_P_VULEOPCT","Capacity_km",103650.766994114,241525.021457481,423773.729436706,320122.962442591,"Michigan"
"264","90-100","N_P_VULEOPCT","Capacity_km",242635.370720597,435641.624348905,692100.589826513,449465.219105915,"Michigan"
"265","0-10","S_P_MINORPCT","Facility_km",0.0874098907284394,0.477701387267003,4.79233543947269,4.70492554874425,"Michigan"
"266","10-20","S_P_MINORPCT","Facility_km",0.0845836505243654,0.312920236246544,2.60784269969098,2.52325904916662,"Michigan"
"267","20-30","S_P_MINORPCT","Facility_km",0.111853462535235,0.737105311634086,5.36087977325313,5.24902631071789,"Michigan"
"268","30-40","S_P_MINORPCT","Facility_km",0.177864818634517,1.54031336135023,7.63405076288578,7.45618594425126,"Michigan"
"269","40-50","S_P_MINORPCT","Facility_km",0.499514830610931,2.53886795263149,11.2670202424538,10.7675054118428,"Michigan"
"270","50-60","S_P_MINORPCT","Facility_km",0.744784869948003,4.52717340393454,13.6415278121841,12.8967429422361,"Michigan"
"271","70-80","S_P_MINORPCT","Facility_km",3.12433021177713,9.13187848201624,20.3518127392033,17.2274825274262,"Michigan"
"272","60-70","S_P_MINORPCT","Facility_km",1.66680011302795,7.09480671972794,16.1809997251205,14.5141996120926,"Michigan"
"273","80-90","S_P_MINORPCT","Facility_km",5.65789848634285,13.933839596172,28.4645625795044,22.8066640931616,"Michigan"
"274","90-100","S_P_MINORPCT","Facility_km",12.6662711975326,21.9968073205375,35.5248801035297,22.858608905997,"Michigan"
"275","0-10","S_P_MINORPCT","Releases_km",0.0475932742394569,0.351215589236955,4.87734377821173,4.82975050397227,"Michigan"
"276","10-20","S_P_MINORPCT","Releases_km",0.0453096032181578,0.216194435013158,2.17616423380016,2.130854630582,"Michigan"
"277","20-30","S_P_MINORPCT","Releases_km",0.071042901442594,0.567677204881897,5.93927921671072,5.86823631526813,"Michigan"
"278","30-40","S_P_MINORPCT","Releases_km",0.104561349236671,1.07542360551741,7.40518247683253,7.30062112759586,"Michigan"
"279","40-50","S_P_MINORPCT","Releases_km",0.318007795643102,2.30689110666565,12.0026838000977,11.6846760044546,"Michigan"
"280","50-60","S_P_MINORPCT","Releases_km",0.581907555919115,4.14338815911906,14.5716912745357,13.9897837186166,"Michigan"
"281","70-80","S_P_MINORPCT","Releases_km",2.77614254109069,9.73167887512678,21.91827055566,19.1421280145693,"Michigan"
"282","60-70","S_P_MINORPCT","Releases_km",1.44442343445753,6.41578111065725,17.2854311585411,15.8410077240835,"Michigan"
"283","80-90","S_P_MINORPCT","Releases_km",5.72898779836232,14.5590878613408,29.4391143853156,23.7101265869533,"Michigan"
"284","90-100","S_P_MINORPCT","Releases_km",14.4855318507874,24.9087434218273,40.8110729858951,26.3255411351076,"Michigan"
"285","0-10","S_P_MINORPCT","Tanks_km",0.185970543278532,1.18144803516042,13.8679448455458,13.6819743022673,"Michigan"
"286","10-20","S_P_MINORPCT","Tanks_km",0.180113037428655,0.758486673531997,7.96973895263434,7.78962591520569,"Michigan"
"287","20-30","S_P_MINORPCT","Tanks_km",0.243926054756657,1.7266240670557,14.3001514303742,14.0562253756175,"Michigan"
"288","30-40","S_P_MINORPCT","Tanks_km",0.389046400796886,3.81997196924159,21.4532039115273,21.0641575107304,"Michigan"
"289","40-50","S_P_MINORPCT","Tanks_km",1.10624954204523,6.78803018152163,32.8317116812885,31.7254621392433,"Michigan"
"290","50-60","S_P_MINORPCT","Tanks_km",1.61429799404786,11.9693996088314,37.1439921047501,35.5296941107022,"Michigan"
"291","70-80","S_P_MINORPCT","Tanks_km",8.09062952614633,25.4453186865709,54.0993068264028,46.0086773002565,"Michigan"
"292","60-70","S_P_MINORPCT","Tanks_km",3.74364595518374,17.680131068705,43.9091830550143,40.1655370998306,"Michigan"
"293","80-90","S_P_MINORPCT","Tanks_km",15.0970375145702,37.8169896114263,69.5754291012611,54.4783915866909,"Michigan"
"294","90-100","S_P_MINORPCT","Tanks_km",35.7263646280409,63.4489009743938,99.8854505152602,64.1590858872192,"Michigan"
"295","0-10","S_P_MINORPCT","Capacity_km",686.52921789349,6159.85124749131,83131.8721166896,82445.3428987962,"Michigan"
"296","10-20","S_P_MINORPCT","Capacity_km",648.234148663571,4055.32614048865,48910.7092578234,48262.4751091599,"Michigan"
"297","20-30","S_P_MINORPCT","Capacity_km",1175.16506001629,8661.79443601463,93084.7493601955,91909.5843001792,"Michigan"
"298","30-40","S_P_MINORPCT","Capacity_km",1727.31789119997,21427.4882128948,136659.750036192,134932.432144992,"Michigan"
"299","40-50","S_P_MINORPCT","Capacity_km",5154.63947302672,44541.3496799247,204269.777779355,199115.138306329,"Michigan"
"300","50-60","S_P_MINORPCT","Capacity_km",10761.0098338048,78363.7228173658,230472.453723755,219711.44388995,"Michigan"
"301","70-80","S_P_MINORPCT","Capacity_km",53936.5758804331,172945.40192028,338185.045229307,284248.469348873,"Michigan"
"302","60-70","S_P_MINORPCT","Capacity_km",25679.3699904681,116988.185431434,288079.78258615,262400.412595682,"Michigan"
"303","80-90","S_P_MINORPCT","Capacity_km",104171.579890707,233733.533569481,431617.654006648,327446.07411594,"Michigan"
"304","90-100","S_P_MINORPCT","Capacity_km",220821.65050975,400927.506520239,654779.576035097,433957.925525348,"Michigan"
"305","30-40","S_P_LWINCPCT","Facility_km",0.211061894494459,1.83203799019026,9.0367843797249,8.82572248523044,"Michigan"
"306","60-70","S_P_LWINCPCT","Facility_km",0.200331664695025,3.88380074318984,15.1557828431851,14.9554511784901,"Michigan"
"307","40-50","S_P_LWINCPCT","Facility_km",0.178855025748705,2.62416632697564,10.3857734363274,10.2069184105787,"Michigan"
"308","70-80","S_P_LWINCPCT","Facility_km",0.766434543461149,7.34749105034504,19.4815446858373,18.7151101423762,"Michigan"
"309","80-90","S_P_LWINCPCT","Facility_km",5.83960994522026,15.9007035861422,29.8466450367748,24.0070350915546,"Michigan"
"310","50-60","S_P_LWINCPCT","Facility_km",0.128939010204201,1.89377133198136,10.3515025205909,10.2225635103867,"Michigan"
"311","0-10","S_P_LWINCPCT","Facility_km",0.328735373623677,1.74468218304898,5.69718968744309,5.36845431381941,"Michigan"
"312","20-30","S_P_LWINCPCT","Facility_km",0.188048547476557,1.39162472545991,6.8923712776576,6.70432273018105,"Michigan"
"313","10-20","S_P_LWINCPCT","Facility_km",0.284464571451063,1.65520870266054,5.82445068436337,5.5399861129123,"Michigan"
"314","90-100","S_P_LWINCPCT","Facility_km",13.3738911186204,25.1052327673498,38.9491479382015,25.5752568195811,"Michigan"
"315","30-40","S_P_LWINCPCT","Releases_km",0.123100639205556,1.48119406987021,9.6931413465963,9.57004070739074,"Michigan"
"316","60-70","S_P_LWINCPCT","Releases_km",0.130141958690476,3.22382707028545,15.585678808933,15.4555368502425,"Michigan"
"317","40-50","S_P_LWINCPCT","Releases_km",0.102630509051595,1.93834049093946,11.5381874397973,11.4355569307457,"Michigan"
"318","70-80","S_P_LWINCPCT","Releases_km",0.465457607650326,7.37091422764143,20.5724672976784,20.107009690028,"Michigan"
"319","80-90","S_P_LWINCPCT","Releases_km",5.24559438288066,15.9548550866952,32.201967758512,26.9563733756314,"Michigan"
"320","50-60","S_P_LWINCPCT","Releases_km",0.0811015866308901,1.57549516828455,10.1281891135471,10.0470875269162,"Michigan"
"321","0-10","S_P_LWINCPCT","Releases_km",0.162108509832311,1.63255444160924,6.45564700712862,6.29353849729631,"Michigan"
"322","20-30","S_P_LWINCPCT","Releases_km",0.135694092557769,1.23313427134977,7.8012768102901,7.66558271773233,"Michigan"
"323","10-20","S_P_LWINCPCT","Releases_km",0.149633500711203,1.40618471310107,6.32824347392339,6.17860997321219,"Michigan"
"324","90-100","S_P_LWINCPCT","Releases_km",12.8537276388012,26.361376817052,42.8694310620266,30.0157034232254,"Michigan"
"325","30-40","S_P_LWINCPCT","Tanks_km",0.455245641903681,4.53418446120439,26.238698215773,25.7834525738693,"Michigan"
"326","60-70","S_P_LWINCPCT","Tanks_km",0.468693527927826,10.0894762688447,40.9362192423219,40.4675257143941,"Michigan"
"327","40-50","S_P_LWINCPCT","Tanks_km",0.371109468895645,6.41768920912944,29.7571495653822,29.3860400964865,"Michigan"
"328","70-80","S_P_LWINCPCT","Tanks_km",1.73178438322522,20.2347065316267,53.1765666073419,51.4447822241167,"Michigan"
"329","80-90","S_P_LWINCPCT","Tanks_km",13.1606382471963,40.8859748295155,77.0963280158936,63.9356897686973,"Michigan"
"330","50-60","S_P_LWINCPCT","Tanks_km",0.318466815824138,4.3573610181256,27.7545788747284,27.4361120589043,"Michigan"
"331","0-10","S_P_LWINCPCT","Tanks_km",0.564217105006156,4.36731443644902,16.887493619675,16.3232765146689,"Michigan"
"332","20-30","S_P_LWINCPCT","Tanks_km",0.450138359292692,3.31286310467344,20.1489511327663,19.6988127734736,"Michigan"
"333","10-20","S_P_LWINCPCT","Tanks_km",0.669674069176478,4.06783236474032,17.2195833358558,16.5499092666793,"Michigan"
"334","90-100","S_P_LWINCPCT","Tanks_km",34.4611078686143,64.5137982111614,102.630780715765,68.1696728471509,"Michigan"
"335","30-40","S_P_LWINCPCT","Capacity_km",2458.00017664153,30972.9551300743,172962.219041077,170504.218864435,"Michigan"
"336","60-70","S_P_LWINCPCT","Capacity_km",2335.5253016798,58650.190465966,260205.935296352,257870.409994672,"Michigan"
"337","40-50","S_P_LWINCPCT","Capacity_km",1787.0985599786,41195.4687109839,189705.731042288,187918.63248231,"Michigan"
"338","70-80","S_P_LWINCPCT","Capacity_km",11074.1473123277,128932.129022757,317785.000388246,306710.853075918,"Michigan"
"339","80-90","S_P_LWINCPCT","Capacity_km",85199.6737944027,253715.913818535,484969.779625744,399770.105831341,"Michigan"
"340","50-60","S_P_LWINCPCT","Capacity_km",1463.2762385214,25695.0307135086,188342.795849276,186879.519610755,"Michigan"
"341","0-10","S_P_LWINCPCT","Capacity_km",2635.7585361411,26720.2471241141,113948.381161735,111312.622625594,"Michigan"
"342","20-30","S_P_LWINCPCT","Capacity_km",1953.67601789991,23167.4986033976,142125.345460648,140171.669442748,"Michigan"
"343","10-20","S_P_LWINCPCT","Capacity_km",2850.45276497597,29279.5020151187,121391.043706878,118540.590941902,"Michigan"
"344","90-100","S_P_LWINCPCT","Capacity_km",190192.094429699,393344.563058026,650043.221077964,459851.126648265,"Michigan"
"345","20-30","S_P_LESHSPCT","Facility_km",0.287929973329037,2.66533088624375,10.0836414478848,9.7957114745558,"Michigan"
"346","60-70","S_P_LESHSPCT","Facility_km",0.221869411880055,3.7976445747956,13.7400879124114,13.5182185005313,"Michigan"
"347","40-50","S_P_LESHSPCT","Facility_km",0.224786709987509,2.22057026036163,10.2590423736965,10.034255663709,"Michigan"
"348","70-80","S_P_LESHSPCT","Facility_km",0.290965490601733,5.36531612029864,18.0282827700096,17.7373172794079,"Michigan"
"349","80-90","S_P_LESHSPCT","Facility_km",1.91076320694516,10.9867170590756,25.4249742795115,23.5142110725664,"Michigan"
"350","50-60","S_P_LESHSPCT","Facility_km",0.170511225750987,1.98606625152537,11.1789493044704,11.0084380787194,"Michigan"
"351","30-40","S_P_LESHSPCT","Facility_km",0.199357073959113,2.15389655122441,10.3248916199395,10.1255345459804,"Michigan"
"352","0-10","S_P_LESHSPCT","Facility_km",0.903594811409811,4.1265206585665,13.7292107678174,12.8256159564076,"Michigan"
"353","10-20","S_P_LESHSPCT","Facility_km",0.409803479081455,2.11005186507484,7.71621988453092,7.30641640544947,"Michigan"
"354","90-100","S_P_LESHSPCT","Facility_km",10.5975373323061,21.9166120338457,36.0114637294182,25.4139263971121,"Michigan"
"355","20-30","S_P_LESHSPCT","Releases_km",0.174366677281317,2.25968203736219,9.96229148530796,9.78792480802664,"Michigan"
"356","60-70","S_P_LESHSPCT","Releases_km",0.140778546847789,3.38527756032778,14.6149475879981,14.4741690411503,"Michigan"
"357","40-50","S_P_LESHSPCT","Releases_km",0.131273180822036,1.91938415043211,10.9662528024129,10.8349796215909,"Michigan"
"358","70-80","S_P_LESHSPCT","Releases_km",0.167080971783031,5.1776584039868,19.3026841025667,19.1356031307837,"Michigan"
"359","80-90","S_P_LESHSPCT","Releases_km",1.5517395060116,10.9034904798899,28.4203475469647,26.8686080409531,"Michigan"
"360","50-60","S_P_LESHSPCT","Releases_km",0.107171350741321,1.76165936430493,11.4460685143489,11.3388971636076,"Michigan"
"361","30-40","S_P_LESHSPCT","Releases_km",0.121676433884697,1.79431086608025,9.88866318647027,9.76698675258557,"Michigan"
"362","0-10","S_P_LESHSPCT","Releases_km",0.656851302037894,4.40816034529809,14.7753884817298,14.1185371796919,"Michigan"
"363","10-20","S_P_LESHSPCT","Releases_km",0.276569145404161,1.87574678168746,7.93064999839802,7.65408085299386,"Michigan"
"364","90-100","S_P_LESHSPCT","Releases_km",10.7466016755715,23.0213906689025,38.9785588815983,28.2319572060268,"Michigan"
"365","20-30","S_P_LESHSPCT","Tanks_km",0.689078995490051,6.7982690460859,28.0639314451469,27.3748524496568,"Michigan"
"366","60-70","S_P_LESHSPCT","Tanks_km",0.474618839370242,9.82176970828414,37.6289809907336,37.1543621513633,"Michigan"
"367","40-50","S_P_LESHSPCT","Tanks_km",0.454616017903021,5.77270766155913,29.171164272525,28.7165482546219,"Michigan"
"368","70-80","S_P_LESHSPCT","Tanks_km",0.652876214826359,14.1574878953479,48.5460459245594,47.8931697097331,"Michigan"
"369","80-90","S_P_LESHSPCT","Tanks_km",4.31854953168684,30.8933321891358,67.7823206892875,63.4637711576006,"Michigan"
"370","50-60","S_P_LESHSPCT","Tanks_km",0.360115090385992,4.87652916898031,32.8462902979216,32.4861752075356,"Michigan"
"371","30-40","S_P_LESHSPCT","Tanks_km",0.498035034041192,5.89570595530908,26.9853279369654,26.4872929029242,"Michigan"
"372","0-10","S_P_LESHSPCT","Tanks_km",1.84988915064593,11.2391865873152,38.8893747298756,37.0394855792296,"Michigan"
"373","10-20","S_P_LESHSPCT","Tanks_km",0.888553756535524,6.14709380772505,21.9306782583698,21.0421245018343,"Michigan"
"374","90-100","S_P_LESHSPCT","Tanks_km",26.6227972857724,58.7491900792578,95.5404810263223,68.9176837405499,"Michigan"
"375","20-30","S_P_LESHSPCT","Capacity_km",3223.99937369974,45679.5934078363,176632.75815873,173408.758785031,"Michigan"
"376","60-70","S_P_LESHSPCT","Capacity_km",2544.05946202905,60730.574238721,232614.27928895,230070.219826921,"Michigan"
"377","40-50","S_P_LESHSPCT","Capacity_km",2377.89057262985,37420.5585257772,190547.326125314,188169.435552684,"Michigan"
"378","70-80","S_P_LESHSPCT","Capacity_km",3017.32156821835,90869.2616606597,297267.476914441,294250.155346223,"Michigan"
"379","80-90","S_P_LESHSPCT","Capacity_km",23657.1744206351,195685.038284033,414370.426914412,390713.252493777,"Michigan"
"380","50-60","S_P_LESHSPCT","Capacity_km",1556.82579376391,32810.3373438358,208906.731179403,207349.905385639,"Michigan"
"381","30-40","S_P_LESHSPCT","Capacity_km",2170.15394777393,35608.206004486,166703.996848073,164533.842900299,"Michigan"
"382","0-10","S_P_LESHSPCT","Capacity_km",9836.11616771773,71406.0586645724,251324.64686665,241488.530698932,"Michigan"
"383","10-20","S_P_LESHSPCT","Capacity_km",4147.77961282215,39252.3964777516,142457.820934369,138310.041321547,"Michigan"
"384","90-100","S_P_LESHSPCT","Capacity_km",161393.751983822,363891.861189781,604088.057230947,442694.305247125,"Michigan"
"385","60-70","S_P_LNGISPCT","Facility_km",0.256158597454159,3.63171905029843,16.5411659751153,16.2850073776612,"Michigan"
"386","70-80","S_P_LNGISPCT","Facility_km",1.02455938011405,4.89407299293703,14.4159468819409,13.3913875018269,"Michigan"
"387","90-100","S_P_LNGISPCT","Facility_km",5.13304744085663,12.7776476350704,27.2527256471172,22.1196782062606,"Michigan"
"388","80-90","S_P_LNGISPCT","Facility_km",1.6331949176119,7.10271844155082,17.5736633434226,15.9404684258107,"Michigan"
"389","60-70","S_P_LNGISPCT","Releases_km",0.162242710121305,3.39837388156885,16.9376396382441,16.7753969281228,"Michigan"
"390","70-80","S_P_LNGISPCT","Releases_km",0.650311801839767,5.32583818674838,15.2326685274541,14.5823567256143,"Michigan"
"391","90-100","S_P_LNGISPCT","Releases_km",5.53570419784679,14.5088745949606,30.4335090166026,24.8978048187558,"Michigan"
"392","80-90","S_P_LNGISPCT","Releases_km",1.52255381480282,7.53726130492001,19.1951225064027,17.6725686915998,"Michigan"
"393","60-70","S_P_LNGISPCT","Tanks_km",0.572552056247499,9.11440899375585,43.1970005877895,42.624448531542,"Michigan"
"394","70-80","S_P_LNGISPCT","Tanks_km",2.27231729863801,14.2349597838499,39.5891983982191,37.3168810995811,"Michigan"
"395","90-100","S_P_LNGISPCT","Tanks_km",16.2364154541843,37.5962060057254,76.7120504952203,60.475635041036,"Michigan"
"396","80-90","S_P_LNGISPCT","Tanks_km",4.33409997705434,20.7063430733433,47.4396724516082,43.1055724745539,"Michigan"
"397","60-70","S_P_LNGISPCT","Capacity_km",2973.56775878025,56302.0650967336,270173.641584296,267200.073825516,"Michigan"
"398","70-80","S_P_LNGISPCT","Capacity_km",12804.7326419812,97738.8879886623,247886.828241501,235082.09559952,"Michigan"
"399","90-100","S_P_LNGISPCT","Capacity_km",105267.960995619,253409.26903182,507546.60877291,402278.647777292,"Michigan"
"400","80-90","S_P_LNGISPCT","Capacity_km",31179.8035021791,141573.748759721,307736.863156016,276557.059653837,"Michigan"
"401","20-30","S_P_UNDR5PCT","Facility_km",0.180017450891689,2.62342836964945,11.5512122997309,11.3711948488392,"Michigan"
"402","10-20","S_P_UNDR5PCT","Facility_km",0.232542628411194,2.82915679884842,12.8108542428326,12.5783116144214,"Michigan"
"403","30-40","S_P_UNDR5PCT","Facility_km",0.254001680051779,2.36787550657737,11.6713181732636,11.4173164932119,"Michigan"
"404","40-50","S_P_UNDR5PCT","Facility_km",0.229649386863772,2.79608655720867,12.5501863175436,12.3205369306799,"Michigan"
"405","0-10","S_P_UNDR5PCT","Facility_km",1.17231248900706,8.48150343129823,23.6346918831878,22.4623793941807,"Michigan"
"406","50-60","S_P_UNDR5PCT","Facility_km",0.191286784575201,3.10488217089434,13.2584553930329,13.0671686084577,"Michigan"
"407","70-80","S_P_UNDR5PCT","Facility_km",0.552156046660867,5.2405591327224,17.3060082999616,16.7538522533007,"Michigan"
"408","60-70","S_P_UNDR5PCT","Facility_km",0.336284595016542,3.98117588912368,14.0248633798384,13.6885787848218,"Michigan"
"409","80-90","S_P_UNDR5PCT","Facility_km",0.972299474014376,6.65209253665454,19.970233838203,18.9979343641886,"Michigan"
"410","90-100","S_P_UNDR5PCT","Facility_km",4.61113352757579,14.4292501114992,26.9878833071294,22.3767497795536,"Michigan"
"411","20-30","S_P_UNDR5PCT","Releases_km",0.125317429047778,2.41239391497759,12.385223808735,12.2599063796872,"Michigan"
"412","10-20","S_P_UNDR5PCT","Releases_km",0.145754813866349,2.70563659056762,13.7692572757181,13.6235024618517,"Michigan"
"413","30-40","S_P_UNDR5PCT","Releases_km",0.149979002939588,2.07340689781007,12.6193822238793,12.4694032209397,"Michigan"
"414","40-50","S_P_UNDR5PCT","Releases_km",0.152551102984873,2.3156278865787,13.9262543656444,13.7737032626596,"Michigan"
"415","0-10","S_P_UNDR5PCT","Releases_km",0.836489810258338,8.92859800177977,26.9283970316123,26.091907221354,"Michigan"
"416","50-60","S_P_UNDR5PCT","Releases_km",0.106856688374689,3.03589642901275,13.899031356182,13.7921746678073,"Michigan"
"417","70-80","S_P_UNDR5PCT","Releases_km",0.358620662449467,5.53259375464219,18.1987926920928,17.8401720296433,"Michigan"
"418","60-70","S_P_UNDR5PCT","Releases_km",0.216224590547884,3.68847503256828,14.1572938644592,13.9410692739113,"Michigan"
"419","80-90","S_P_UNDR5PCT","Releases_km",0.652435936240052,7.22523894193601,21.1490029777724,20.4965670415323,"Michigan"
"420","90-100","S_P_UNDR5PCT","Releases_km",4.34430928892841,14.913317530688,29.5497306914537,25.2054214025252,"Michigan"
"421","20-30","S_P_UNDR5PCT","Tanks_km",0.420855331646101,6.50202909750907,32.8317116812885,32.4108563496424,"Michigan"
"422","10-20","S_P_UNDR5PCT","Tanks_km",0.50763348630083,6.98413558418285,35.6640170115864,35.1563835252855,"Michigan"
"423","30-40","S_P_UNDR5PCT","Tanks_km",0.567942943316029,6.49870170381517,33.536857341587,32.968914398271,"Michigan"
"424","40-50","S_P_UNDR5PCT","Tanks_km",0.521745981271215,6.70659518303483,33.6160519279931,33.0943059467219,"Michigan"
"425","0-10","S_P_UNDR5PCT","Tanks_km",2.65053237331626,22.6357010276608,63.2752792258114,60.6247468524951,"Michigan"
"426","50-60","S_P_UNDR5PCT","Tanks_km",0.453557989024968,8.44969185316752,37.6918332159114,37.2382752268865,"Michigan"
"427","70-80","S_P_UNDR5PCT","Tanks_km",1.18472849429005,14.7493854957108,47.3728656464336,46.1881371521436,"Michigan"
"428","60-70","S_P_UNDR5PCT","Tanks_km",0.806525441081252,10.5316374205305,40.1182135890171,39.3116881479359,"Michigan"
"429","80-90","S_P_UNDR5PCT","Tanks_km",2.04170745083229,17.537334869362,53.8158496918789,51.7741422410466,"Michigan"
"430","90-100","S_P_UNDR5PCT","Tanks_km",12.0280318529221,38.34464169951,72.2410918397288,60.2130599868067,"Michigan"
"431","20-30","S_P_UNDR5PCT","Capacity_km",1877.58053680888,39236.2029115893,219743.085463662,217865.504926854,"Michigan"
"432","10-20","S_P_UNDR5PCT","Capacity_km",2921.58330672696,46367.7442137482,230109.185139303,227187.601832576,"Michigan"
"433","30-40","S_P_UNDR5PCT","Capacity_km",2417.98651986739,43441.5282255965,214548.806055307,212130.819535439,"Michigan"
"434","40-50","S_P_UNDR5PCT","Capacity_km",2937.42115708178,48084.5139158019,225869.51090663,222932.089749548,"Michigan"
"435","0-10","S_P_UNDR5PCT","Capacity_km",13273.7993727611,143443.03215799,396293.222706241,383019.42333348,"Michigan"
"436","50-60","S_P_UNDR5PCT","Capacity_km",1994.67266840634,54411.0715382374,242228.376038457,240233.70337005,"Michigan"
"437","70-80","S_P_UNDR5PCT","Capacity_km",5588.6979261546,87375.0502059091,298235.115488503,292646.417562348,"Michigan"
"438","60-70","S_P_UNDR5PCT","Capacity_km",3929.9436378768,62208.9681220029,252204.617390738,248274.673752861,"Michigan"
"439","80-90","S_P_UNDR5PCT","Capacity_km",12319.547407059,115382.992750151,322926.23562704,310606.688219981,"Michigan"
"440","90-100","S_P_UNDR5PCT","Capacity_km",67170.7669179788,232438.295740793,469335.38911944,402164.622201461,"Michigan"
"441","90-100","S_P_OVR64PCT","Facility_km",0.171660223495585,2.10517895073671,8.88254656099939,8.7108863375038,"Michigan"
"442","80-90","S_P_OVR64PCT","Facility_km",0.182671952061201,2.18336797610522,10.1353955737576,9.95272362169641,"Michigan"
"443","60-70","S_P_OVR64PCT","Facility_km",0.183732102426238,2.11212422669852,11.007316196165,10.8235840937388,"Michigan"
"444","70-80","S_P_OVR64PCT","Facility_km",0.182532031903069,1.91121270268411,10.356327045848,10.1737950139449,"Michigan"
"445","50-60","S_P_OVR64PCT","Facility_km",0.182471925280523,2.95739189712671,12.3860696743123,12.2035977490318,"Michigan"
"446","30-40","S_P_OVR64PCT","Facility_km",0.594118841385426,6.2442142285298,19.1786942043523,18.5845753629669,"Michigan"
"447","40-50","S_P_OVR64PCT","Facility_km",0.354664629441734,3.8567005061195,14.7555664378702,14.4009018084285,"Michigan"
"448","20-30","S_P_OVR64PCT","Facility_km",1.53994839386466,8.14499291443527,22.0790843290339,20.5391359351692,"Michigan"
"449","10-20","S_P_OVR64PCT","Facility_km",2.89126183420009,11.8957150697724,24.2166328098512,21.3253709756511,"Michigan"
"450","0-10","S_P_OVR64PCT","Facility_km",7.40611221667435,19.7076048362462,35.267692267764,27.8615800510896,"Michigan"
"451","90-100","S_P_OVR64PCT","Releases_km",0.106712047139271,1.68035543718385,8.69911737783284,8.59240533069357,"Michigan"
"452","80-90","S_P_OVR64PCT","Releases_km",0.117253802324267,1.9332338362319,11.0220690209438,10.9048152186196,"Michigan"
"453","60-70","S_P_OVR64PCT","Releases_km",0.119232367708807,1.91672078208341,11.006736122507,10.8875037547982,"Michigan"
"454","70-80","S_P_OVR64PCT","Releases_km",0.106671967542155,1.77723204187805,10.9219990497676,10.8153270822254,"Michigan"
"455","50-60","S_P_OVR64PCT","Releases_km",0.115159192342191,2.46056418600279,13.8980338086402,13.782874616298,"Michigan"
"456","30-40","S_P_OVR64PCT","Releases_km",0.442548991425607,6.90050043590773,20.4106793977893,19.9681304063637,"Michigan"
"457","40-50","S_P_OVR64PCT","Releases_km",0.237809738791765,3.43751481823024,16.2615472249775,16.0237374861857,"Michigan"
"458","20-30","S_P_OVR64PCT","Releases_km",1.15087886869035,8.47492701846295,24.0962589766261,22.9453801079357,"Michigan"
"459","10-20","S_P_OVR64PCT","Releases_km",2.46904363894193,11.0700619742107,26.6959710535518,24.2269274146098,"Michigan"
"460","0-10","S_P_OVR64PCT","Releases_km",7.18800848628708,19.0615369952664,37.773831884658,30.585823398371,"Michigan"
"461","90-100","S_P_OVR64PCT","Tanks_km",0.419662729499291,5.63720328681164,24.174994800116,23.7553320706167,"Michigan"
"462","80-90","S_P_OVR64PCT","Tanks_km",0.407098929751365,5.1089026460284,29.5822306355936,29.1751317058422,"Michigan"
"463","60-70","S_P_OVR64PCT","Tanks_km",0.427287521132038,5.09925578006811,28.9838015681115,28.5565140469795,"Michigan"
"464","70-80","S_P_OVR64PCT","Tanks_km",0.375768403663866,4.78636460451466,28.0111482640089,27.635379860345,"Michigan"
"465","50-60","S_P_OVR64PCT","Tanks_km",0.396281337003251,7.44561067394067,35.8330592028691,35.4367778658658,"Michigan"
"466","30-40","S_P_OVR64PCT","Tanks_km",1.43435045684853,18.4374710239391,53.8221355169599,52.3877850601114,"Michigan"
"467","40-50","S_P_OVR64PCT","Tanks_km",0.826744008613669,10.1076267490864,41.678487103784,40.8517430951703,"Michigan"
"468","20-30","S_P_OVR64PCT","Tanks_km",3.48019072059651,22.9440711641732,60.4757556387755,56.995564918179,"Michigan"
"469","10-20","S_P_OVR64PCT","Tanks_km",6.79691923833637,31.3695567582679,63.9775773936429,57.1806581553065,"Michigan"
"470","0-10","S_P_OVR64PCT","Tanks_km",19.3961482049682,47.8970787571666,85.4508173723409,66.0546691673727,"Michigan"
"471","90-100","S_P_OVR64PCT","Capacity_km",1589.84735405492,33011.2039458664,161082.100033941,159492.252679887,"Michigan"
"472","80-90","S_P_OVR64PCT","Capacity_km",1729.78209070112,33002.497767989,188099.960404755,186370.178314054,"Michigan"
"473","60-70","S_P_OVR64PCT","Capacity_km",2028.32226947865,32095.9833372008,188968.181347041,186939.859077562,"Michigan"
"474","70-80","S_P_OVR64PCT","Capacity_km",1772.27439142029,30429.4126628556,180594.014823162,178821.740431742,"Michigan"
"475","50-60","S_P_OVR64PCT","Capacity_km",1868.8694719352,47247.207167385,227221.066814144,225352.197342208,"Michigan"
"476","30-40","S_P_OVR64PCT","Capacity_km",8452.5338880867,127223.278940168,331361.703819867,322909.16993178,"Michigan"
"477","40-50","S_P_OVR64PCT","Capacity_km",5097.12979028656,64652.2989046438,268380.865571356,263283.73578107,"Michigan"
"478","20-30","S_P_OVR64PCT","Capacity_km",21655.0370509299,138858.428708493,371096.788433529,349441.7513826,"Michigan"
"479","10-20","S_P_OVR64PCT","Capacity_km",42049.4472992139,193624.518527404,404473.370532244,362423.92323303,"Michigan"
"480","0-10","S_P_OVR64PCT","Capacity_km",117594.31027684,296711.488791216,512158.741154695,394564.430877855,"Michigan"
"481","10-20","S_P_VULEOPCT","Facility_km",0.149132325037057,0.701689297847587,3.53464260981318,3.38551028477612,"Michigan"
"482","40-50","S_P_VULEOPCT","Facility_km",0.129583485111493,1.1698433111869,7.68316441757142,7.55358093245992,"Michigan"
"483","30-40","S_P_VULEOPCT","Facility_km",0.117757955965378,1.24431605853498,7.08864592532322,6.97088796935784,"Michigan"
"484","50-60","S_P_VULEOPCT","Facility_km",0.149286896929631,1.97473913696001,10.3056277816575,10.1563408847278,"Michigan"
"485","60-70","S_P_VULEOPCT","Facility_km",0.836002969482548,5.82374599149483,15.0703786683813,14.2343756988988,"Michigan"
"486","70-80","S_P_VULEOPCT","Facility_km",3.76520791007428,10.7161257083977,21.7921033341918,18.0268954241175,"Michigan"
"487","0-10","S_P_VULEOPCT","Facility_km",0.167581836029546,0.979633815704826,4.54332477935326,4.37574294332371,"Michigan"
"488","20-30","S_P_VULEOPCT","Facility_km",0.140865982913744,0.913575448625078,5.43775655665122,5.29689057373747,"Michigan"
"489","90-100","S_P_VULEOPCT","Facility_km",14.4283056721557,23.8058962443818,36.9456529407705,22.5173472686148,"Michigan"
"490","80-90","S_P_VULEOPCT","Facility_km",7.25179671450321,15.7354926625398,30.923663188123,23.6718664736198,"Michigan"
"491","10-20","S_P_VULEOPCT","Releases_km",0.0841860487109047,0.549961167241981,3.65188816281839,3.56770211410748,"Michigan"
"492","40-50","S_P_VULEOPCT","Releases_km",0.0797646151505454,0.997788567937262,7.57676830381751,7.49700368866697,"Michigan"
"493","30-40","S_P_VULEOPCT","Releases_km",0.0663295445708841,1.00078721418892,7.28190053392506,7.21557098935417,"Michigan"
"494","50-60","S_P_VULEOPCT","Releases_km",0.0959040117935182,1.58462156463949,10.0617002261496,9.96579621435604,"Michigan"
"495","60-70","S_P_VULEOPCT","Releases_km",0.602547813173222,5.11972476359671,15.6171248873082,15.014577074135,"Michigan"
"496","70-80","S_P_VULEOPCT","Releases_km",3.18056378673684,10.932924684904,23.0516802205058,19.871116433769,"Michigan"
"497","0-10","S_P_VULEOPCT","Releases_km",0.0842054921916116,0.708451901960656,4.87437594793916,4.79017045574755,"Michigan"
"498","20-30","S_P_VULEOPCT","Releases_km",0.073564445695039,0.656044713984134,5.98351582241068,5.90995137671564,"Michigan"
"499","90-100","S_P_VULEOPCT","Releases_km",14.9413857063638,26.3740128060484,42.1034608105721,27.1620751042083,"Michigan"
"500","80-90","S_P_VULEOPCT","Releases_km",7.57020389722252,16.4197491417353,32.1981764199905,24.627972522768,"Michigan"
"501","10-20","S_P_VULEOPCT","Tanks_km",0.314528408637041,1.59254109286867,10.4166252877751,10.102096879138,"Michigan"
"502","40-50","S_P_VULEOPCT","Tanks_km",0.285684306141694,2.48710479047257,19.0540494753726,18.7683651692309,"Michigan"
"503","30-40","S_P_VULEOPCT","Tanks_km",0.244253765693585,3.00390284833291,20.884350619119,20.6400968534254,"Michigan"
"504","50-60","S_P_VULEOPCT","Tanks_km",0.366932393383259,5.07787191054382,26.923782509328,26.5568501159447,"Michigan"
"505","60-70","S_P_VULEOPCT","Tanks_km",1.97903293763889,15.8214884065218,41.9312732904552,39.9522403528163,"Michigan"
"506","70-80","S_P_VULEOPCT","Tanks_km",10.601856217626,29.7680147813591,57.2313151294674,46.6294589118414,"Michigan"
"507","0-10","S_P_VULEOPCT","Tanks_km",0.335163672059093,2.04678558929182,12.7711882543214,12.4360245822623,"Michigan"
"508","20-30","S_P_VULEOPCT","Tanks_km",0.296694275388602,1.98646838716543,16.0386167949733,15.7419225195847,"Michigan"
"509","90-100","S_P_VULEOPCT","Tanks_km",38.1943880655509,66.1578526363904,102.514599209871,64.3202111443206,"Michigan"
"510","80-90","S_P_VULEOPCT","Tanks_km",19.5289646113923,41.6529618846673,75.6300283738054,56.1010637624131,"Michigan"
"511","10-20","S_P_VULEOPCT","Capacity_km",1443.82605433954,10547.1697642627,71653.5872449006,70209.761190561,"Michigan"
"512","40-50","S_P_VULEOPCT","Capacity_km",1251.55395378535,16852.4957993217,129491.836336186,128240.282382401,"Michigan"
"513","30-40","S_P_VULEOPCT","Capacity_km",1253.23502808184,17099.6292800372,143240.873759933,141987.638731852,"Michigan"
"514","50-60","S_P_VULEOPCT","Capacity_km",1590.40225810487,31124.3587075111,170536.155678683,168945.753420578,"Michigan"
"515","60-70","S_P_VULEOPCT","Capacity_km",11826.4818581768,96054.2568454002,262552.839315826,250726.357457649,"Michigan"
"516","70-80","S_P_VULEOPCT","Capacity_km",68365.7033060461,193931.413129071,362769.557786489,294403.854480443,"Michigan"
"517","0-10","S_P_VULEOPCT","Capacity_km",1457.67721557151,12166.7214440682,86801.9103626791,85344.2331471076,"Michigan"
"518","20-30","S_P_VULEOPCT","Capacity_km",1201.81089709237,12919.9734837936,109521.353112393,108319.542215301,"Michigan"
"519","90-100","S_P_VULEOPCT","Capacity_km",223075.820889903,416291.527402639,672174.296602882,449098.475712979,"Michigan"
"520","80-90","S_P_VULEOPCT","Capacity_km",125258.004258772,262398.364478176,456794.9108569,331536.906598128,"Michigan"
