"","GIS_MSA","Boyce_Med_Facility_km_MINORPCT","Boyce_Med_Facility_km_LOWINCPCT","Boyce_Med_Facility_km_LESSHSPCT","Boyce_Med_Facility_km_LINGISOPCT","Boyce_Med_Facility_km_UNDER5PCT","Boyce_Med_Facility_km_OVER64PCT","Boyce_Med_Facility_km_VULEOPCT","Boyce_Med_Releases_km_MINORPCT","Boyce_Med_Releases_km_LOWINCPCT","Boyce_Med_Releases_km_LESSHSPCT","Boyce_Med_Releases_km_LINGISOPCT","Boyce_Med_Releases_km_UNDER5PCT","Boyce_Med_Releases_km_OVER64PCT","Boyce_Med_Releases_km_VULEOPCT","Boyce_Med_Tanks_km_MINORPCT","Boyce_Med_Tanks_km_LOWINCPCT","Boyce_Med_Tanks_km_LESSHSPCT","Boyce_Med_Tanks_km_LINGISOPCT","Boyce_Med_Tanks_km_UNDER5PCT","Boyce_Med_Tanks_km_OVER64PCT","Boyce_Med_Tanks_km_VULEOPCT","Boyce_Med_Capacity_km_MINORPCT","Boyce_Med_Capacity_km_LOWINCPCT","Boyce_Med_Capacity_km_LESSHSPCT","Boyce_Med_Capacity_km_LINGISOPCT","Boyce_Med_Capacity_km_UNDER5PCT","Boyce_Med_Capacity_km_OVER64PCT","Boyce_Med_Capacity_km_VULEOPCT"
"1","G10180",0.2305,0.3362,0.0094,0,0.003,0.0282,0.2903,0.2128,0.3705,0.0078,0,0.0027,0.0352,0.2883,0.2806,0.3005,0.0094,0,0.0031,0.028,0.3225,0.306,0.33,0.0107,0,0.0035,0.0311,0.3543
"2","G10380",Inf,20.2352,0.1823,7.6481,0.001,0.0498,91.1925,NA,NA,NA,NA,NA,NA,NA,Inf,21.4603,0.1682,7.9249,0.001,0.0523,96.3662,Inf,19.1297,0.2077,7.9201,0.001,0.0543,88.0244
"3","G10420",0.0223,0.1661,0.0044,0,0.0017,0.0348,0.0809,0.0215,0.1617,0.004,0,0.0016,0.0336,0.0762,0.0225,0.1689,0.0045,0,0.0018,0.0367,0.0887,0.0212,0.173,0.0042,0,0.0016,0.0353,0.0854
"4","G10500",4.726,0.8941,0.0224,0,0.0015,0.0205,1.3863,5.1745,1.1729,0.0298,0,0.0014,0.0195,2.03,5.3816,0.9021,0.0235,0,0.0013,0.021,1.7509,5.976,1.2031,0.0274,0,0.0015,0.0229,1.9858
"5","G10540",0.0118,0.1799,0.0094,0,0.0022,0.0604,0.0645,0.014,0.1551,0.0102,0,0.0023,0.0557,0.066,0.0121,0.1577,0.01,0,0.0027,0.058,0.0581,0.0132,0.2295,0.0068,0,0.0023,0.0699,0.079
"6","G10580",0.0202,0.0523,0.0027,0,0.0017,0.0381,0.0403,0.017,0.0463,0.0025,0,0.0015,0.0336,0.0398,0.0201,0.0487,0.0029,0,0.0017,0.0358,0.0401,0.0223,0.0508,0.0026,0,0.0018,0.0349,0.0382
"7","G10740",2.5418,0.2396,0.0059,0,0.0022,0.0363,0.8229,2.2677,0.2439,0.0039,0,0.0013,0.0352,0.7044,2.6144,0.2727,0.006,0,0.002,0.0317,0.8667,2.687,0.2886,0.0058,0,0.002,0.0342,0.881
"8","G10780",0.3711,0.6633,0.014,0,0.0022,0.0202,0.3837,0.3055,0.5001,0.0238,0,0.0036,0.0249,0.432,0.3749,0.535,0.015,0,0.0022,0.0228,0.4178,0.2852,0.5508,0.0161,0,0.0028,0.0319,0.3752
"9","G10900",0.0353,0.0572,0.0056,0,0.0018,0.0423,0.0499,0.034,0.0604,0.005,0,0.0018,0.0402,0.0548,0.0345,0.0631,0.0055,0,0.0018,0.0404,0.0597,0.0366,0.0672,0.0058,0,0.0019,0.0419,0.0589
"10","G11020",4e-04,0.1482,0.0041,0,0.0016,0.0478,0.0374,4e-04,0.1733,0.0043,0,0.0018,0.04,0.0369,4e-04,0.1635,0.0048,0,0.0018,0.0438,0.0372,5e-04,0.1747,0.0059,0,0.0025,0.0489,0.0419
"11","G11100",0.3654,0.22,0.0098,0,0.0037,0.0209,0.3045,0.3564,0.205,0.0095,0,0.0036,0.0217,0.31,0.2922,0.2137,0.0109,0,0.004,0.021,0.2799,0.2983,0.2292,0.0114,0,0.0042,0.0218,0.2648
"12","G11180",0.0028,0.1281,2e-04,0,0.0013,0.0158,0.0396,0.0034,0.1206,2e-04,0,0.001,0.0142,0.0368,0.0026,0.1669,3e-04,0,0.0011,0.0113,0.0404,0.004,0.1367,5e-04,0,0.0023,0.0161,0.0429
"13","G11260",0.4426,0.0457,0.002,0,0.0032,0.0107,0.1651,0.3997,0.0509,0.0019,0,0.0037,0.012,0.1711,0.4725,0.0422,0.0023,0,0.0027,0.0116,0.175,0.4272,0.0368,0.0022,0,0.0019,0.0112,0.1613
"14","G11460",0.1239,0.0757,5e-04,0,0.0014,0.0145,0.1134,0.1235,0.0776,5e-04,0,0.0013,0.0157,0.1194,0.1069,0.0665,5e-04,0,9e-04,0.0132,0.1039,0.0921,0.0839,4e-04,0,0.0012,0.0132,0.0997
"15","G11500",0.0764,0.3472,0.0305,0,0.0019,0.0377,0.1715,0.0519,0.573,0.0254,0,0.0012,0.0413,0.2438,0.0776,0.4366,0.0359,0,0.002,0.0485,0.2062,0.0719,0.4573,0.0307,0,0.0017,0.0424,0.2032
"16","G11540",0.009,0.0552,0.0018,0,0.0027,0.0215,0.0329,0.0079,0.0605,0.0014,0,0.0024,0.0258,0.0328,0.0082,0.0635,0.0018,0,0.0029,0.0222,0.0295,0.0071,0.0578,0.0017,0,0.0028,0.0266,0.026
"17","G11640",Inf,17.9646,0.1281,10.6841,9e-04,0.0503,85.9176,NA,NA,NA,NA,NA,NA,NA,Inf,18.7962,0.123,10.2972,8e-04,0.0525,91.4762,Inf,14.7345,0.1237,10.6285,8e-04,0.0541,76.1564
"18","G11700",0.0121,0.2332,0.0075,0,0.0014,0.0833,0.0818,0.0107,0.2343,0.0097,0,0.0015,0.078,0.0736,0.0125,0.2575,0.0085,0,0.0014,0.0726,0.0908,0.0109,0.2525,0.0078,0,0.0013,0.073,0.0863
"19","G12020",0.1262,0.517,0.0098,0,0.002,0.0138,0.3547,0.1131,0.4573,0.009,0,0.0022,0.0155,0.2079,0.1174,0.5,0.0116,0,0.0021,0.0158,0.2626,0.1067,0.4397,0.009,0,0.0016,0.0144,0.2399
"20","G12060",1.531,0.1477,0.0065,0,0.0029,0.0145,0.4597,1.5877,0.146,0.0061,0,0.0028,0.0145,0.4491,1.4981,0.1419,0.0067,0,0.0029,0.0145,0.4298,1.4915,0.1442,0.0061,0,0.0028,0.0141,0.4244
"21","G12100",0.3177,0.1329,0.0094,2e-04,0.0015,0.0481,0.2077,0.3129,0.1296,0.0122,2e-04,0.0014,0.0453,0.2029,0.3641,0.153,0.0112,2e-04,0.0016,0.0484,0.2127,0.3732,0.1337,0.0129,3e-04,0.0016,0.047,0.2189
"22","G12220",0.1859,0.4507,0.0063,0,0.0013,0.0155,0.2395,0.1112,0.2943,0.0058,0,0.0012,0.0149,0.1712,0.1972,0.4293,0.007,0,0.0013,0.0132,0.2644,0.188,0.5125,0.007,0,0.0014,0.0158,0.2754
"23","G12260",0.7174,0.4542,0.0156,0,0.0025,0.0388,0.5004,0.6741,0.4438,0.0141,0,0.0019,0.033,0.4598,0.7802,0.5156,0.0158,0,0.002,0.0347,0.5548,0.7344,0.3839,0.0148,0,0.0019,0.0323,0.4114
"24","G12420",0.6557,0.0902,0.0033,2e-04,0.0029,0.0105,0.2819,0.6035,0.0772,0.0018,0,0.0023,0.0091,0.245,0.673,0.0931,0.0033,2e-04,0.0029,0.0101,0.2724,0.6605,0.0863,0.0032,2e-04,0.003,0.0096,0.2695
"25","G12540",6.1342,0.893,0.0914,0.0015,0.0055,0.0106,2.1714,6.6685,0.9149,0.0952,0.0012,0.0054,0.0106,1.9632,6.328,0.9033,0.0909,0.0015,0.0059,0.011,2.1215,6.3122,0.8788,0.0905,0.0016,0.0056,0.0104,2.001
"26","G12580",0.8671,0.0722,0.006,0,0.0022,0.0242,0.2315,0.8177,0.0735,0.0062,0,0.0023,0.0262,0.2191,0.8757,0.0695,0.0059,0,0.0022,0.0249,0.2242,0.9005,0.0688,0.0059,0,0.0021,0.0244,0.224
"27","G12620",7e-04,0.1915,0.0039,0,0.0011,0.0454,0.0425,8e-04,0.2041,0.0043,0,0.001,0.0519,0.0384,6e-04,0.1561,0.0033,0,8e-04,0.0417,0.034,7e-04,0.1882,0.0034,0,0.0011,0.0464,0.0404
"28","G12700",0.0048,0.0486,0.0011,0,7e-04,0.1991,0.0229,0.0037,0.054,8e-04,0,2e-04,0.2001,0.024,0.0049,0.0474,0.0011,0,7e-04,0.2153,0.0225,0.0039,0.047,0.001,0,6e-04,0.2061,0.0207
"29","G12940",0.9954,0.224,0.0099,0,0.0022,0.0209,0.4006,1.0443,0.1975,0.0095,0,0.0019,0.0216,0.3529,1.045,0.2408,0.0103,0,0.0021,0.0223,0.4276,1.1156,0.2568,0.0101,0,0.0023,0.0221,0.4695
"30","G12980",0.0244,0.255,0.0048,0,0.0035,0.0342,0.0851,0.0208,0.2336,0.005,0,0.0026,0.031,0.089,0.0264,0.2167,0.0036,0,0.0026,0.0327,0.1023,0.023,0.2661,0.0041,0,0.0019,0.0294,0.0973
"31","G13020",0.0083,0.2241,0.0076,0,0.0014,0.0521,0.065,0.008,0.2341,0.0068,0,0.0016,0.0528,0.065,0.0068,0.1962,0.0053,0,0.0012,0.0407,0.0567,0.0071,0.301,0.0064,0,0.001,0.0333,0.0811
"32","G13140",0.9199,0.3382,0.0193,0,0.0021,0.026,0.6069,0.8991,0.3783,0.0189,0,0.0016,0.0233,0.6586,0.8222,0.3329,0.019,0,0.0022,0.0256,0.5558,0.8653,0.3494,0.0186,0,0.002,0.0281,0.5507
"33","G13220",0.0023,0.3748,0.0263,0,0.0018,0.0512,0.0831,0.0014,0.5006,0.0228,0,0.0014,0.0531,0.0937,0.0025,0.4503,0.0234,0,0.0023,0.0563,0.08,0.0037,0.5798,0.029,0,0.002,0.0623,0.102
"34","G13380",0.0519,0.1686,0.0035,0,0.0026,0.0289,0.0978,0.0373,0.1672,0.004,0,0.0021,0.035,0.0886,0.0401,0.1622,0.003,0,0.0031,0.0323,0.0864,0.0402,0.1474,0.003,0,0.0021,0.025,0.0917
"35","G13460",0.0062,0.097,9e-04,0,4e-04,0.0532,0.0358,0.0101,0.1147,7e-04,0,4e-04,0.0693,0.043,0.0062,0.08,7e-04,0,6e-04,0.0519,0.0238,0.0055,0.0843,6e-04,0,8e-04,0.0443,0.0235
"36","G13740",0.0065,0.1432,0.0014,0,0.0021,0.0269,0.0508,0.0055,0.1489,0.0016,0,0.0017,0.033,0.048,0.0065,0.1442,0.0016,0,0.0025,0.0251,0.0521,0.0055,0.1471,0.0014,0,0.002,0.0357,0.0508
"37","G13780",0.0051,0.1278,0.003,0,0.0013,0.0617,0.0473,0.0066,0.1019,0.0024,0,7e-04,0.0445,0.04,0.0057,0.1199,0.003,0,0.001,0.055,0.0496,0.0056,0.1191,0.0034,0,0.0011,0.0589,0.0482
"38","G13820",0.6016,0.2295,0.0071,0,0.0019,0.0322,0.3235,0.5008,0.2089,0.0063,0,0.0016,0.0294,0.254,0.6188,0.2633,0.0077,0,0.0018,0.0324,0.341,0.6089,0.2643,0.0081,0,0.002,0.0325,0.333
"39","G13900",0.0036,0.0335,0.0034,0,0.0036,0.0422,0.0186,0.0016,0.057,0.0012,0,0.0023,0.0289,0.0221,0.0034,0.0398,0.0023,0,0.0026,0.0492,0.0141,0.0032,0.0317,0.0017,0,0.0025,0.0352,0.0124
"40","G13980",0.0077,0.2029,0.0053,0,9e-04,0.0259,0.0591,0.0051,0.1404,0.0047,0,8e-04,0.0254,0.05,0.0065,0.2002,0.0051,0,8e-04,0.0314,0.0646,0.0056,0.2162,0.0047,0,7e-04,0.0254,0.0676
"41","G14010",0.0253,0.1097,9e-04,0,0.0027,0.0189,0.0601,0.0256,0.1122,0.001,0,0.0023,0.0196,0.0464,0.0191,0.116,8e-04,0,0.0024,0.0153,0.0654,0.0158,0.0859,6e-04,0,0.0022,0.013,0.0577
"42","G14020",0.0042,0.1828,0.0017,0,4e-04,0.0146,0.0571,0.0041,0.1217,0.0019,0,3e-04,0.0114,0.0389,0.004,0.1652,0.0017,0,4e-04,0.0109,0.0434,NA,NA,NA,NA,NA,NA,NA
"43","G14100",6e-04,0.1105,0.0063,0,0.001,0.0584,0.0385,7e-04,0.0995,0.0074,0,0.0011,0.0538,0.0265,6e-04,0.1269,0.0079,0,9e-04,0.0584,0.0353,6e-04,0.1045,0.0083,0,9e-04,0.0615,0.0328
"44","G14260",0.0464,0.2466,0.0047,0,0.0032,0.0273,0.1409,0.0458,0.2784,0.0047,0,0.0033,0.0286,0.1448,0.0444,0.2246,0.0042,0,0.0032,0.0287,0.1251,0.0445,0.2334,0.0039,0,0.0027,0.0274,0.1275
"45","G14460",0.0846,0.0371,0.0025,2e-04,0.0019,0.0265,0.0605,0.0792,0.0351,0.0022,1e-04,0.0017,0.0267,0.0554,0.0851,0.0379,0.0025,1e-04,0.0018,0.0257,0.0626,0.0861,0.0379,0.0026,1e-04,0.0018,0.0257,0.0633
"46","G14500",0.0431,0.04,3e-04,0,0.0016,0.0156,0.0509,0.0366,0.0398,1e-04,0,0.001,0.014,0.0454,0.0438,0.0432,2e-04,0,0.0014,0.0154,0.0479,0.0497,0.047,2e-04,0,0.0016,0.0159,0.0469
"47","G14540",0.0055,0.3306,0.0238,0,0.0028,0.0338,0.0652,0.0055,0.2966,0.025,0,0.0025,0.0331,0.0698,0.0051,0.2233,0.0201,0,0.0025,0.0339,0.0603,0.0047,0.3547,0.0231,0,0.0026,0.0315,0.0856
"48","G14740",0.049,0.0553,0.0017,0,0.0024,0.0408,0.0526,0.0378,0.0385,0.0013,0,0.0014,0.0404,0.0372,0.0651,0.0513,0.0018,0,0.0027,0.0434,0.0657,0.0608,0.0576,0.0021,0,0.003,0.033,0.076
"49","G14860",0.1637,0.0224,0.0028,4e-04,0.0023,0.0329,0.0607,0.1718,0.0196,0.003,4e-04,0.0023,0.0295,0.0644,0.1844,0.0226,0.0031,4e-04,0.0024,0.0272,0.0707,0.1687,0.0233,0.0035,4e-04,0.0022,0.0284,0.0621
"50","G15180",736.4879,2.051,0.1638,0.0287,0.005,0.0239,12.9452,684.4627,1.8589,0.1786,0.0236,0.0053,0.0222,10.5711,585.9117,1.9685,0.1835,0.0296,0.0048,0.026,11.707,665.9054,2.1095,0.1897,0.0331,0.0053,0.0249,11.1377
"51","G15260",0.132,0.3575,0.0086,0,0.0016,0.0517,0.2615,0.1287,0.3245,0.0059,0,0.0014,0.0535,0.2117,0.1657,0.2983,0.0085,0,0.0024,0.0478,0.2413,0.2097,0.332,0.0072,0,0.0019,0.0397,0.2474
"52","G15380",0.0372,0.214,0.0056,0,0.0022,0.0354,0.1102,0.0399,0.2201,0.0055,0,0.002,0.036,0.1151,0.0362,0.2127,0.0058,0,0.0021,0.0343,0.1105,0.0362,0.212,0.0058,0,0.0021,0.0333,0.1131
"53","G15500",0.2705,0.278,0.0159,0,0.0016,0.0435,0.2422,0.2612,0.3807,0.0165,0,0.0013,0.0363,0.3151,0.3015,0.2894,0.0154,0,0.001,0.035,0.2399,0.261,0.3417,0.0142,0,0.001,0.037,0.3085
"54","G15540",0.0032,0.0493,0.0018,0,0.0013,0.0399,0.0226,0.003,0.0523,0.0023,0,0.0018,0.0376,0.0246,0.0026,0.0508,0.002,0,0.0012,0.0385,0.0216,0.0025,0.0469,0.0022,0,0.0015,0.0306,0.0208
"55","G15680",0.084,0.0475,0.0119,0,0.0025,0.0233,0.0534,0.0528,0.0312,0.0081,0,0.0021,0.019,0.0363,0.0842,0.0414,0.0132,0,0.0031,0.0275,0.0599,0.0667,0.0366,0.0107,0,0.0024,0.0201,0.0421
"56","G15940",0.0041,0.1275,0.005,0,0.0018,0.0463,0.0445,0.0043,0.1422,0.005,0,0.0019,0.0483,0.0469,0.0044,0.1615,0.0049,0,0.002,0.046,0.0501,0.0041,0.167,0.0053,0,0.0021,0.0496,0.0556
"57","G15980",0.0618,0.135,0.007,0,4e-04,0.1561,0.1008,0.0509,0.1475,0.0065,0,1e-04,0.1747,0.1074,0.0564,0.1362,0.0061,0,4e-04,0.1814,0.0966,0.0485,0.1386,0.0059,0,3e-04,0.1489,0.0922
"58","G16020",0.0048,0.3103,0.0129,0,0.0014,0.0389,0.0913,0.0061,0.2412,0.0091,0,0.0012,0.04,0.0901,0.0055,0.4508,0.0122,0,0.0012,0.0422,0.1177,0.0057,0.3168,0.0116,0,0.001,0.0322,0.1355
"59","G16060",0.0073,0.2542,0.0034,0,0.001,0.028,0.0847,0.0089,0.3373,0.0026,0,7e-04,0.0195,0.0957,0.0101,0.2694,0.0035,0,0.0011,0.0284,0.1057,0.008,0.3406,0.0031,0,8e-04,0.0228,0.1303
"60","G16180",0.1295,0.1332,0.0118,0,0.0013,0.0717,0.1536,0.1249,0.141,0.0178,0,0.0011,0.0741,0.1739,0.1253,0.0966,0.0113,0,0.001,0.0753,0.1339,0.2023,0.2336,0.016,1e-04,0.0014,0.0518,0.2054
"61","G16220",0.0082,0.0915,0.0043,0,9e-04,0.0305,0.042,0.0141,0.1012,0.0042,0,0.0014,0.0351,0.049,0.0081,0.0982,0.0035,0,0.0011,0.035,0.0485,0.0099,0.1156,0.0039,0,0.001,0.033,0.0498
"62","G16300",0.0046,0.091,0.0017,0,0.0032,0.035,0.0376,0.0041,0.1107,0.002,0,0.0025,0.0373,0.0342,0.0045,0.1036,0.0017,0,0.0024,0.036,0.0332,0.0048,0.1317,0.0023,0,0.0025,0.0335,0.0377
"63","G16540",0.0063,0.1567,0.023,0,0.003,0.0459,0.0467,0.0059,0.1197,0.0129,0,0.0023,0.0501,0.042,0.0045,0.1574,0.0206,0,0.0023,0.0531,0.0509,0.0043,0.1508,0.0163,0,0.0022,0.0474,0.0511
"64","G16580",0.0452,0.1709,1e-04,0,0.001,0.0151,0.0981,0.0438,0.1334,1e-04,0,6e-04,0.0123,0.0859,0.0499,0.1892,2e-04,0,9e-04,0.0142,0.086,0.0586,0.1637,2e-04,0,9e-04,0.0118,0.1061
"65","G16620",8e-04,0.2874,0.0159,0,0.0012,0.0534,0.0759,6e-04,0.3081,0.0151,0,9e-04,0.0484,0.0728,7e-04,0.3279,0.0157,0,0.0015,0.0513,0.0818,7e-04,0.3389,0.015,0,0.0014,0.0478,0.0712
"66","G16700",0.2601,0.1954,0.0046,0,0.0023,0.0245,0.2349,0.2681,0.1922,0.0043,0,0.0021,0.0252,0.2488,0.2478,0.1772,0.0048,0,0.0023,0.0253,0.2141,0.2196,0.1713,0.0043,0,0.0025,0.0267,0.2044
"67","G16740",0.2809,0.1481,0.0079,0,0.0029,0.0213,0.2103,0.2815,0.1431,0.0081,0,0.0029,0.0206,0.1976,0.2798,0.1486,0.0086,0,0.003,0.0217,0.2012,0.2876,0.1481,0.0082,0,0.0028,0.0215,0.2044
"68","G16820",0.0367,0.069,0.007,0,0.0015,0.0377,0.0572,0.0378,0.0962,0.0067,0,0.0014,0.0391,0.0668,0.0427,0.0808,0.0081,0,0.0015,0.0387,0.0647,0.0529,0.1064,0.009,0,0.0016,0.0401,0.0829
"69","G16860",0.024,0.2095,0.013,0,0.0018,0.0468,0.0952,0.0243,0.2376,0.0139,0,0.0019,0.0468,0.1116,0.0248,0.2283,0.0126,0,0.0018,0.0499,0.107,0.0265,0.2679,0.0151,0,0.002,0.0505,0.1169
"70","G16940",0.0456,0.1075,0.0024,0,0.003,0.0385,0.0717,0.0391,0.066,0.0019,0,0.0022,0.0329,0.0589,0.0486,0.097,0.0025,0,0.0036,0.0361,0.0915,0.0367,0.1132,0.0018,0,0.0024,0.0345,0.0778
"71","G16980",1.1853,0.1438,0.0086,3e-04,0.003,0.0225,0.4123,1.2301,0.1404,0.0079,2e-04,0.0029,0.0216,0.3905,1.1973,0.1485,0.0084,3e-04,0.003,0.0218,0.413,1.1772,0.1392,0.0084,4e-04,0.003,0.0214,0.3855
"72","G17020",0.1122,0.5602,0.0068,0,7e-04,0.037,0.2885,0.1087,0.4696,0.0068,0,0.001,0.0337,0.2352,0.1054,0.603,0.0055,0,7e-04,0.0331,0.2717,0.1024,0.5823,0.0064,0,7e-04,0.031,0.2824
"73","G17140",0.0232,0.1215,0.0055,0,0.0026,0.0252,0.0744,0.0208,0.1216,0.0052,0,0.0026,0.0251,0.075,0.0219,0.1239,0.0057,0,0.0026,0.0255,0.0732,0.0233,0.1343,0.0063,0,0.0028,0.0248,0.0838
"74","G17300",0.1083,0.4321,0.0087,0,0.0044,0.0096,0.199,0.0933,0.3458,0.0119,0,0.005,0.0131,0.1644,0.0965,0.5128,0.0096,0,0.0049,0.0126,0.2052,0.0723,0.4972,0.0089,0,0.0049,0.0104,0.1952
"75","G17420",0.0047,0.2684,0.0283,0,0.0036,0.044,0.0772,0.0038,0.2205,0.0179,0,0.0027,0.0336,0.0657,0.0054,0.2259,0.0221,0,0.0038,0.0425,0.0792,0.0027,0.1998,0.0232,0,0.0028,0.0339,0.0598
"76","G17460",0.154,0.2188,0.0078,0,0.0022,0.0378,0.2111,0.1547,0.2322,0.008,0,0.0022,0.0385,0.2157,0.1537,0.2199,0.0076,0,0.0021,0.0361,0.2064,0.159,0.2119,0.0076,0,0.0021,0.036,0.2072
"77","G17660",0.0036,0.097,0.0035,0,0.002,0.0501,0.0366,0.0045,0.1565,0.0058,0,0.0021,0.082,0.0477,0.0029,0.0918,0.0033,0,0.0017,0.0399,0.0339,0.0023,0.1081,0.004,0,0.002,0.0264,0.0397
"78","G17780",0.741,0.4482,0.006,1e-04,0.0032,0.0083,0.6,0.7919,0.4669,0.0011,0,0.0015,0.0036,0.561,0.6997,0.4704,0.0042,1e-04,0.0033,0.0072,0.5822,0.8869,0.4516,0.0051,1e-04,0.0032,0.0077,0.6585
"79","G17820",0.1195,0.1417,0.0018,0,0.0023,0.0232,0.131,0.1071,0.1292,0.002,0,0.0023,0.0223,0.1242,0.1214,0.143,0.0019,0,0.0023,0.021,0.1321,0.1298,0.1342,0.002,0,0.0025,0.0218,0.1514
"80","G17860",0.0348,0.1247,0.0018,0,0.0025,0.0231,0.082,0.0315,0.1537,0.0014,0,0.002,0.0198,0.1035,0.025,0.1351,0.0014,0,0.0019,0.0172,0.0759,0.0315,0.1877,0.0017,0,0.0027,0.0223,0.1174
"81","G17900",0.5875,0.2192,0.0053,0,0.0018,0.0281,0.351,0.5731,0.2389,0.0055,0,0.0016,0.0278,0.3643,0.6302,0.2392,0.0053,0,0.0019,0.0279,0.3882,0.6696,0.2558,0.0054,0,0.0017,0.0286,0.3972
"82","G17980",3.335,0.5269,0.0143,0,0.0025,0.0304,1.0805,3.5082,0.5325,0.0153,0,0.0021,0.0229,1.0419,4.1295,0.6161,0.0184,0,0.0025,0.0307,1.0306,3.5871,0.6137,0.0207,0,0.0026,0.0255,1.2008
"83","G18020",0.0237,0.1055,0.0036,0,0.0028,0.0487,0.0711,0.0118,0.1217,0.0055,0,0.0029,0.0603,0.0773,0.014,0.1097,0.0031,0,0.0027,0.0355,0.0537,NA,NA,NA,NA,NA,NA,NA
"84","G18140",0.0636,0.1681,0.0036,0,0.0032,0.0173,0.138,0.0628,0.172,0.0036,0,0.003,0.016,0.1352,0.0593,0.1684,0.0034,0,0.0028,0.0167,0.1238,0.0579,0.1637,0.0032,0,0.0028,0.0166,0.1214
"85","G18580",9.8635,0.2959,0.0288,9e-04,0.0037,0.0257,1.3524,10.6897,0.3369,0.0278,7e-04,0.0031,0.0232,1.3869,10.1848,0.3128,0.0257,8e-04,0.0032,0.0228,1.4513,11.9777,0.3142,0.0228,7e-04,0.0031,0.0214,1.4498
"86","G18700",0.0385,0.181,7e-04,0,6e-04,0.0365,0.1377,0.04,0.1031,5e-04,0,4e-04,0.0335,0.0976,0.0319,0.1901,7e-04,0,6e-04,0.028,0.0624,0.0416,0.1848,5e-04,0,4e-04,0.0255,0.0887
"87","G18880",0.0599,0.131,0.0036,0,0.0032,0.054,0.0971,0.0669,0.1446,0.0043,0,0.0028,0.0438,0.0946,0.07,0.133,0.0037,0,0.0029,0.0503,0.0833,0.0501,0.1409,0.0035,0,0.0035,0.0465,0.0981
"88","G19060",0.0011,0.2615,0.0085,0,0.0014,0.0766,0.0498,8e-04,0.2181,0.0087,0,0.0014,0.0714,0.0421,0.0011,0.2397,0.0075,0,0.0014,0.0707,0.0479,0.0015,0.2932,0.0097,0,0.0019,0.0853,0.0532
"89","G19100",1.7327,0.1696,0.0126,9e-04,0.0037,0.0127,0.5413,1.709,0.169,0.0121,5e-04,0.0035,0.0126,0.531,1.7079,0.1703,0.0126,8e-04,0.0035,0.0125,0.5382,1.6569,0.1721,0.0126,9e-04,0.0037,0.0124,0.5319
"90","G19140",0.0626,0.5881,0.1274,0,0.0037,0.0246,0.227,0.0542,0.492,0.1138,0,0.0035,0.0282,0.1765,0.0606,0.6417,0.1437,0,0.0037,0.0239,0.2139,0.0672,0.6442,0.1288,0,0.0036,0.0248,0.2331
"91","G19180",0.0048,0.2427,0.0081,0,0.0029,0.0422,0.0802,0.0026,0.4608,0.0069,0,0.0014,0.0353,0.0965,0.0049,0.2567,0.0092,0,0.0025,0.0385,0.0968,0.0046,0.343,0.011,0,0.0039,0.0425,0.096
"92","G19300",0.0304,0.1961,0.0107,0,0.0021,0.0807,0.0931,0.0284,0.1902,0.009,0,0.002,0.0641,0.0814,0.0323,0.2044,0.0105,0,0.0018,0.0836,0.0915,0.0254,0.2128,0.0088,0,0.0019,0.0856,0.0949
"93","G19340",0.0335,0.1208,0.0041,0,0.0023,0.034,0.0778,0.035,0.1605,0.0047,0,0.002,0.0353,0.0854,0.0334,0.122,0.004,0,0.002,0.0295,0.0745,0.0345,0.1308,0.0044,0,0.0021,0.0328,0.0886
"94","G19430",0.0406,0.2446,0.0066,0,0.0023,0.0396,0.1342,0.0439,0.2382,0.0066,0,0.0021,0.0403,0.1407,0.0393,0.2545,0.0075,0,0.0023,0.0388,0.1523,0.04,0.2374,0.0063,0,0.0022,0.0372,0.1415
"95","G19460",0.0284,0.242,0.0337,0,0.003,0.0383,0.0838,0.0255,0.2608,0.0378,0,0.0022,0.0371,0.1039,0.0267,0.2341,0.0348,0,0.0029,0.0382,0.0858,0.0245,0.2221,0.0351,0,0.0025,0.0394,0.0876
"96","G19500",0.0452,0.2086,0.0086,0,0.0023,0.0641,0.1207,0.0565,0.2567,0.0078,0,0.0021,0.058,0.1195,0.0506,0.2715,0.0094,0,0.0023,0.0487,0.1599,0.0608,0.2762,0.0072,0,0.0016,0.0435,0.1572
"97","G19660",0.0695,0.27,0.0092,0,9e-04,0.0862,0.1604,0.0844,0.2726,0.0091,0,0.0011,0.1035,0.173,0.0782,0.2994,0.0092,0,9e-04,0.104,0.1654,0.0713,0.3007,0.0097,0,0.001,0.091,0.1646
"98","G19740",0.1947,0.061,0.0024,0,0.0027,0.0183,0.1126,0.1846,0.0582,0.0023,0,0.0026,0.0192,0.1081,0.1848,0.0615,0.0022,0,0.0026,0.0178,0.1123,0.1878,0.0615,0.0022,0,0.0025,0.017,0.1113
"99","G19780",0.0198,0.1061,0.0034,0,0.0036,0.0252,0.0552,0.0174,0.1079,0.0034,0,0.0031,0.0268,0.0571,0.0202,0.1049,0.003,0,0.0035,0.0244,0.0598,0.0213,0.1024,0.0031,0,0.0032,0.0242,0.0629
"100","G19820",0.2463,0.2404,0.009,0,0.0024,0.0284,0.268,0.2577,0.2334,0.0092,0,0.0024,0.0285,0.2652,0.248,0.234,0.0091,0,0.0024,0.0284,0.2598,0.252,0.2378,0.009,0,0.0024,0.0277,0.2532
"101","G20020",0.151,0.5405,0.0405,0,0.0026,0.0505,0.2855,0.1427,0.5129,0.0408,0,0.0022,0.0472,0.3051,0.1577,0.5231,0.0424,0,0.0025,0.0545,0.2741,0.1396,0.3719,0.0351,0,0.0027,0.0584,0.2003
"102","G20100",0.1772,0.1818,0.0212,0,0.0038,0.0369,0.1793,0.1662,0.1807,0.018,0,0.0041,0.0372,0.1711,0.141,0.1656,0.019,0,0.0035,0.0359,0.1474,0.1584,0.1873,0.0241,0,0.0037,0.0429,0.2011
"103","G20220",0.0012,0.0685,0.0022,0,0.0029,0.0423,0.0225,9e-04,0.0715,0.0023,0,0.0031,0.0628,0.0249,0.0013,0.0962,0.0024,0,0.0037,0.0534,0.0288,0.0011,0.1033,0.0028,0,0.0033,0.0497,0.0338
"104","G20260",0.0025,0.1481,0.0014,0,0.0011,0.0427,0.0409,0.0021,0.1484,0.0011,0,0.0011,0.0381,0.0384,0.0019,0.1318,0.0015,0,0.0011,0.0434,0.0437,0.0024,0.1314,0.0014,0,0.0011,0.0411,0.0428
"105","G20500",0.4593,0.0936,0.0037,0,0.0018,0.018,0.2308,0.5499,0.1261,0.0038,0,0.0017,0.0183,0.2615,0.4844,0.0941,0.004,0,0.0017,0.0182,0.2167,0.533,0.1036,0.0045,0,0.0017,0.0183,0.2211
"106","G20700",0.0723,0.0987,0.0105,0,0.0015,0.0419,0.0964,0.0614,0.0943,0.01,0,0.0015,0.0454,0.087,0.0663,0.0977,0.0085,0,0.0015,0.0413,0.0773,0.0674,0.09,0.0076,0,0.0014,0.0435,0.0703
"107","G20740",0.0011,0.1165,0.0014,0,0.0015,0.0262,0.0308,0.0013,0.136,0.0012,0,0.0017,0.0288,0.032,0.001,0.1202,0.0017,0,0.0015,0.0256,0.0291,0.0013,0.1488,0.0015,0,0.0013,0.0315,0.0356
"108","G20940",224.2521,1.3907,0.1626,0.0554,0.0051,0.0219,7.2108,161.2169,1.1507,0.1383,0.0371,0.0033,0.0191,6.8625,222.879,1.2078,0.1626,0.0563,0.0046,0.0198,7.3024,210.5727,1.3038,0.1652,0.0621,0.0041,0.022,7.3991
"109","G21060",0.0059,0.2826,0.0187,0,0.0029,0.0325,0.0733,0.0049,0.2342,0.0164,0,0.0023,0.0317,0.0555,0.0057,0.2398,0.0174,0,0.0027,0.0325,0.0671,0.006,0.2883,0.0179,0,0.0028,0.0291,0.0847
"110","G21140",0.0621,0.2321,0.0369,0,0.0032,0.0229,0.1228,0.0565,0.2335,0.0396,0,0.0037,0.0207,0.1072,0.0524,0.2322,0.0385,0,0.0034,0.022,0.1278,0.025,0.0451,0.0448,0,0.0104,0.0224,0.0282
"111","G21300",0.0025,0.1261,0.0032,0,0.0013,0.0279,0.0344,0.0018,0.1091,0.003,0,9e-04,0.0409,0.0316,0.0023,0.1428,0.0033,0,0.0013,0.0476,0.0419,0.0027,0.1061,0.0045,0,0.0016,0.0425,0.0537
"112","G21340",159.1274,1.0581,0.0747,0.0687,0.0034,0.0247,6.0087,228.9449,1.2318,0.0663,0.0589,0.0023,0.0233,7.2211,170.6601,1.1424,0.0735,0.0684,0.0031,0.0245,6.4283,172.7699,1.0854,0.0772,0.063,0.0031,0.0243,6.3611
"113","G21420",0.0488,0.3027,0.0111,0,0.0034,0.0268,0.1174,0.0648,0.3429,0.0074,0,0.003,0.024,0.175,0.0567,0.2652,0.0096,0,0.0034,0.0291,0.1433,0.0502,0.259,0.0109,0,0.0033,0.0285,0.1261
"114","G21500",0.0048,0.2289,0.0052,0,0.002,0.044,0.0609,0.005,0.234,0.0047,0,0.0018,0.0423,0.0645,0.0048,0.2109,0.0059,0,0.0019,0.0467,0.0628,0.0048,0.1937,0.0052,0,0.002,0.0441,0.0541
"115","G21660",0.0241,0.2563,0.0049,0,0.0011,0.0483,0.113,0.0254,0.2693,0.0049,0,9e-04,0.0417,0.1175,0.0229,0.2212,0.0046,0,8e-04,0.0443,0.0899,0.0208,0.2139,0.0042,0,8e-04,0.0423,0.0914
"116","G21780",0.0054,0.2167,0.0054,0,0.0018,0.0368,0.0636,0.0052,0.164,0.0063,0,0.0014,0.0331,0.0628,0.0069,0.2061,0.0058,0,0.0017,0.0392,0.0774,0.005,0.2264,0.0125,0,0.0032,0.0321,0.0585
"117","G21820",0.1135,0.082,0.0054,0,0.0054,0.0109,0.1128,0.1518,0.1004,0.0028,0,0.0044,0.0072,0.1382,0.1322,0.0768,0.0055,0,0.0065,0.0096,0.1001,0.1218,0.0692,0.0035,0,0.0052,0.0083,0.1286
"118","G22020",0.0107,0.122,0.0015,0,0.0025,0.0217,0.0519,0.014,0.1579,0.0014,0,0.0028,0.0176,0.0662,0.0133,0.126,0.0013,0,0.0025,0.0168,0.0562,0.012,0.1307,0.0012,0,0.0021,0.0166,0.0566
"119","G22140",3.3422,0.6102,0.0224,0,0.0037,0.0284,1.6949,3.593,0.2661,0.0103,0,0.0016,0.0332,0.4952,2.8132,0.6074,0.0168,0,0.003,0.0253,1.3585,4.6774,0.7857,0.0135,0,0.0017,0.0187,2.0101
"120","G22180",1.4036,0.612,0.0125,0,0.0054,0.0176,0.8695,1.4494,0.5777,0.0112,0,0.0044,0.0174,0.8059,1.3153,0.6601,0.0123,0,0.0048,0.0174,0.9276,1.5005,0.7158,0.0116,0,0.0051,0.0177,1.0798
"121","G22220",0.0438,0.1417,0.0113,0,0.0036,0.018,0.0962,NA,NA,NA,NA,NA,NA,NA,0.0469,0.1316,0.0113,0,0.0041,0.0156,0.1126,0.0491,0.16,0.0094,0,0.0037,0.0172,0.0966
"122","G22380",0.3156,0.2206,0.0023,0,7e-04,0.0219,0.2492,0.3567,0.2477,0.0026,0,2e-04,0.0138,0.2471,0.3834,0.2255,0.0027,0,7e-04,0.0227,0.2727,0.361,0.1988,0.0021,0,5e-04,0.0236,0.2664
"123","G22420",0.1047,0.6342,0.0083,0,0.0019,0.0336,0.3227,0.1136,0.573,0.0093,0,0.0018,0.0336,0.2761,0.1078,0.5838,0.0082,0,0.0016,0.0278,0.2966,0.0892,0.5791,0.0075,0,0.0017,0.0307,0.269
"124","G22500",1.2781,0.6172,0.0245,0,0.0021,0.0353,0.699,1.4607,0.6369,0.0232,0,0.002,0.0344,0.754,1.5378,0.5849,0.0256,0,0.0023,0.0332,0.6986,1.5565,0.5712,0.0276,0,0.0025,0.038,0.6883
"125","G22520",0.0336,0.3279,0.0206,0,0.0017,0.0664,0.1314,0.0337,0.4686,0.0218,0,0.002,0.0603,0.1829,0.0326,0.3202,0.0171,0,0.0016,0.0627,0.1258,0.0303,0.303,0.0194,0,0.0011,0.0541,0.1526
"126","G22540",0.0061,0.0626,0.0045,0,0.0021,0.0411,0.025,0.0062,0.0564,0.004,0,0.0019,0.0471,0.0237,0.0056,0.0639,0.003,0,0.0014,0.0398,0.0241,0.0053,0.0801,0.0027,0,0.0016,0.0388,0.0367
"127","G22660",0.0264,0.0989,6e-04,0,0.0017,0.0232,0.0564,0.0299,0.1106,4e-04,0,0.0013,0.0219,0.0555,0.0291,0.102,6e-04,0,0.0017,0.0261,0.0551,0.023,0.0911,5e-04,0,0.0015,0.0213,0.0545
"128","G22900",0.0736,0.6177,0.0263,0,0.0036,0.0432,0.2248,0.0642,0.7075,0.0303,0,0.0023,0.0395,0.2779,0.0906,0.5718,0.0278,0,0.0033,0.0402,0.2252,0.1091,0.5817,0.0295,0,0.003,0.0364,0.2672
"129","G23060",0.0598,0.2158,0.0082,0,0.0041,0.026,0.123,0.0493,0.212,0.0061,0,0.004,0.0235,0.1183,0.0553,0.2132,0.0081,0,0.0044,0.0234,0.1195,NA,NA,NA,NA,NA,NA,NA
"130","G23420",11.2151,0.7262,0.0553,0.0022,0.0039,0.017,2.1248,13.216,0.8772,0.0678,0.0024,0.0038,0.0139,2.3622,11.1445,0.7283,0.0551,0.0023,0.0035,0.0153,2.0358,11.4686,0.7544,0.0573,0.0023,0.0036,0.0166,2.205
"131","G23460",0.0188,0.3247,0.0286,0,0.0015,0.0536,0.1311,0.013,0.2757,0.0233,0,0.0022,0.056,0.1266,0.0159,0.3837,0.0289,0,0.002,0.0479,0.1141,0.0195,0.3849,0.032,0,0.0018,0.0525,0.151
"132","G23540",0.1525,0.3763,0.0061,0,0.0016,0.0371,0.2576,0.1411,0.3517,0.006,0,0.0015,0.034,0.251,0.1581,0.4701,0.007,0,0.0018,0.0401,0.2735,0.168,0.3713,0.0063,0,0.0014,0.0338,0.2598
"133","G23580",0.1081,0.1477,0.0244,3e-04,0.003,0.0254,0.1209,0.0938,0.1454,0.0285,2e-04,0.0029,0.0268,0.1163,0.1294,0.1464,0.025,2e-04,0.0028,0.0269,0.1444,0.13,0.1726,0.0266,2e-04,0.0031,0.0298,0.1457
"134","G23900",0.0074,0.0627,0.013,0,0.0031,0.0506,0.0276,0.0081,0.0665,0.0138,0,0.0027,0.0549,0.028,0.0068,0.0614,0.0136,0,0.0031,0.0513,0.0273,0.009,0.0706,0.017,0,0.003,0.0494,0.0362
"135","G24020",0.0015,0.138,0.0104,0,0.0019,0.0519,0.0326,0.0011,0.1263,0.0093,0,0.0018,0.0628,0.0327,0.0015,0.1419,0.0097,0,0.0023,0.0545,0.0337,0.0012,0.1461,0.0121,0,0.002,0.0554,0.0333
"136","G24140",0.5941,0.6831,0.0405,3e-04,0.0035,0.0366,0.7007,0.7048,0.6066,0.041,4e-04,0.003,0.0261,0.7048,0.5499,0.7228,0.0333,2e-04,0.0033,0.0281,0.6129,0.6047,0.7718,0.0333,2e-04,0.0035,0.0269,0.6574
"137","G24220",0.0068,0.084,9e-04,0,0.0028,0.016,0.0591,0.0161,0.1376,0.0042,0,0.0047,0.0318,0.0564,0.0073,0.0791,0.0013,0,0.003,0.0175,0.0611,0.0064,0.0885,0.001,0,0.0034,0.0193,0.0386
"138","G24260",0.0174,0.1636,0.0087,0,0.0015,0.049,0.1182,0.0665,0.1655,0.0077,0,0.0028,0.0405,0.1834,0.0185,0.1414,0.0076,0,0.0013,0.049,0.0981,0.0208,0.127,0.0066,0,0.0021,0.0384,0.1285
"139","G24300",0.029,0.2701,0.0075,0,0.0029,0.0378,0.1179,0.0349,0.3358,0.0098,0,0.002,0.0417,0.1281,0.0295,0.2818,0.0069,0,0.0021,0.0333,0.1203,0.0355,0.313,0.0074,0,0.0023,0.0349,0.1258
"140","G24340",0.0222,0.124,0.0042,0,0.0031,0.0255,0.0654,0.0215,0.1101,0.0037,0,0.0031,0.022,0.066,0.022,0.1263,0.004,0,0.0031,0.0233,0.0698,0.0207,0.1171,0.0041,0,0.0033,0.0223,0.0671
"141","G24420",0.0138,0.3547,0.0094,0,7e-04,0.1561,0.1042,0.013,0.3948,0.0096,0,0.001,0.2194,0.105,0.0105,0.4072,0.0072,0,0.001,0.1379,0.0996,0.0138,0.274,0.0088,0,7e-04,0.1535,0.0831
"142","G24500",0.0097,0.2661,0.0048,0,0.0027,0.0445,0.0786,0.011,0.2375,0.0043,0,0.0028,0.0602,0.0745,0.0092,0.2146,0.0047,0,0.0022,0.0474,0.0759,0.0075,0.2972,0.0041,0,0.0025,0.0574,0.0739
"143","G24540",0.1672,0.0612,0.0096,0,0.0045,0.0139,0.1198,0.1956,0.0756,0.0099,0,0.004,0.0128,0.1519,0.1872,0.0819,0.0099,0,0.0051,0.0135,0.1014,0.1622,0.0755,0.0069,0,0.0043,0.013,0.1107
"144","G24580",0.0106,0.1111,0.003,0,0.0026,0.0359,0.0552,0.0088,0.1053,0.0034,0,0.0026,0.0407,0.0456,0.01,0.0998,0.0026,0,0.0027,0.0364,0.0405,0.0073,0.0948,0.0028,0,0.0023,0.0334,0.0426
"145","G24660",0.4182,0.3213,0.0128,0,0.0018,0.0297,0.4136,0.3627,0.3021,0.0123,0,0.0018,0.0302,0.3476,0.4195,0.3638,0.0138,0,0.0022,0.03,0.4094,0.46,0.3141,0.0132,0,0.0022,0.0296,0.3915
"146","G24780",0.6452,0.4994,0.0075,0,0.0015,0.0261,0.5809,0.6433,0.4655,0.0078,0,0.002,0.0232,0.5811,0.732,0.4186,0.0084,0,0.0015,0.0208,0.456,0.7102,0.5225,0.009,0,0.0016,0.0205,0.5876
"147","G24860",0.0859,0.2732,0.0186,0,0.0027,0.0418,0.1536,0.0733,0.2832,0.0169,0,0.0026,0.0376,0.1524,0.0824,0.2805,0.0174,0,0.0025,0.0369,0.1539,0.0796,0.2875,0.0175,0,0.0025,0.0392,0.1587
"148","G25020",Inf,43.8299,0.1382,14.3153,4e-04,0.0554,235.3342,NA,NA,NA,NA,NA,NA,NA,Inf,34.6837,0.1655,9.6424,7e-04,0.0753,170.0609,Inf,41.2841,0.1557,11.5038,6e-04,0.0693,198.3628
"149","G25060",0.2382,0.3517,0.0123,0,0.0017,0.0313,0.3057,0.2268,0.3385,0.011,0,0.0018,0.0261,0.3099,0.1939,0.3354,0.0119,0,0.0019,0.0317,0.3073,0.0297,0.1352,0.0277,0,3e-04,0.0497,0.1153
"150","G25180",0.0155,0.1106,0.0144,0,0.0024,0.0333,0.0551,0.0132,0.1004,0.013,0,0.0021,0.0338,0.0499,0.0178,0.116,0.0116,0,0.0019,0.0302,0.0591,0.0186,0.1232,0.0131,0,0.0023,0.0321,0.0627
"151","G25220",0.2342,0.3656,0.0401,0,0.0041,0.0211,0.2988,0.3458,0.3739,0.0314,0,0.0035,0.0192,0.3266,0.248,0.4143,0.0419,0,0.0047,0.0219,0.2978,0.2661,0.4199,0.0421,0,0.0044,0.0214,0.334
"152","G25260",3.8427,0.4284,0.0554,0.0046,0.0027,0.0129,1.4178,4.5838,0.4961,0.0547,0.0022,0.0021,0.0105,1.5607,3.9439,0.48,0.0553,0.0044,0.002,0.0127,1.3123,4.1688,0.4649,0.0526,0.004,0.0025,0.0116,1.5091
"153","G25420",0.0261,0.0927,0.0055,0,0.0023,0.0389,0.0654,0.0241,0.0835,0.0051,0,0.0022,0.0369,0.0592,0.0272,0.0822,0.0052,0,0.0024,0.037,0.0635,0.0273,0.0982,0.0055,0,0.0023,0.0367,0.0681
"154","G25500",0.0126,0.1751,0.0263,0,0.0026,0.0335,0.0716,0.0115,0.1727,0.0224,0,0.0022,0.0376,0.0722,0.0127,0.1224,0.0208,0,0.0017,0.0315,0.0757,0.0122,0.1143,0.0172,0,0.0017,0.0311,0.0685
"155","G25540",0.1116,0.0376,0.0037,1e-04,0.0015,0.0369,0.0703,0.0871,0.0337,0.0038,1e-04,0.0015,0.0389,0.061,0.0974,0.0382,0.004,1e-04,0.0015,0.0377,0.0646,0.1092,0.0402,0.0037,1e-04,0.0013,0.0375,0.0746
"156","G25620",0.1499,0.4063,0.0136,0,0.0023,0.0276,0.2911,0.1639,0.472,0.0173,0,0.0029,0.0283,0.3151,0.1981,0.4235,0.0138,0,0.0023,0.0278,0.3246,NA,NA,NA,NA,NA,NA,NA
"157","G25860",0.0191,0.3555,0.0371,0,0.0024,0.0526,0.1127,0.0167,0.34,0.0337,0,0.0022,0.0511,0.118,0.0177,0.2958,0.0328,0,0.0019,0.0502,0.1047,0.0172,0.328,0.0342,0,0.0021,0.0517,0.1096
"158","G25940",0.0977,0.1749,0.0033,0,0.0014,0.0708,0.1705,0.0895,0.1293,0.0017,0,8e-04,0.0762,0.1614,0.1119,0.1591,0.0029,0,0.0013,0.0816,0.1682,0.1068,0.1559,0.0031,0,0.0015,0.0819,0.1699
"159","G25980",0.8469,0.3005,0.0172,0,0.0038,0.0167,0.5193,0.8626,0.3688,0.0246,0,0.0052,0.0204,0.4791,0.8873,0.3688,0.0216,0,0.0041,0.0158,0.3927,0.7133,0.3688,0.0187,0,0.0038,0.0174,0.4653
"160","G26140",0.0108,0.5158,0.0202,0,0.001,0.306,0.1182,0.012,0.4151,0.0177,0,6e-04,0.3053,0.1148,0.014,0.4538,0.0182,0,8e-04,0.3066,0.1228,0.014,0.4179,0.0172,0,9e-04,0.2972,0.1103
"161","G26300",0.0155,0.3591,0.0149,0,0.0012,0.0882,0.1108,0.0087,0.3323,0.0079,0,6e-04,0.1465,0.0913,0.0162,0.3376,0.015,0,0.0017,0.0859,0.1066,0.0142,0.3468,0.0104,0,0.0015,0.0878,0.0868
"162","G26380",0.1142,0.3724,0.0647,0,0.0026,0.029,0.2912,0.0851,0.4415,0.0579,0,0.0021,0.027,0.2564,0.0968,0.4004,0.0607,0,0.0026,0.025,0.226,0.1178,0.4317,0.0653,0,0.0025,0.0305,0.2616
"163","G26420",6.7043,0.2693,0.0259,0.003,0.0041,0.0136,1.1499,7.2038,0.2584,0.025,0.0026,0.0038,0.0129,1.1683,6.8888,0.2691,0.0249,0.0028,0.004,0.0135,1.1431,6.6672,0.259,0.0255,0.0029,0.0041,0.0133,1.157
"164","G26580",7e-04,0.3297,0.014,0,0.0022,0.0543,0.0621,6e-04,0.2933,0.0139,0,0.0017,0.0505,0.0533,6e-04,0.3542,0.0131,0,0.0022,0.0489,0.0607,5e-04,0.3388,0.0128,0,0.0022,0.0493,0.0592
"165","G26620",0.1896,0.1352,0.0061,0,0.0021,0.0272,0.1738,0.1905,0.1097,0.0056,0,0.0018,0.0233,0.147,0.2203,0.1447,0.0073,0,0.0024,0.03,0.179,0.2331,0.1344,0.0063,0,0.0024,0.0295,0.158
"166","G26820",0.0274,0.2413,0.006,0,0.0043,0.0224,0.1004,0.013,0.1311,0.0026,0,0.0031,0.0161,0.0525,0.0245,0.2774,0.0045,0,0.0038,0.0175,0.1221,0.0277,0.317,0.0048,0,0.0041,0.0177,0.1327
"167","G26900",0.0655,0.2206,0.0097,0,0.0028,0.0224,0.1523,0.0696,0.2239,0.0091,0,0.0026,0.0215,0.1478,0.0636,0.2206,0.0085,0,0.0027,0.0217,0.1431,NA,NA,NA,NA,NA,NA,NA
"168","G26980",0.0328,0.1146,3e-04,0,0.0022,0.0222,0.0592,0.023,0.1038,3e-04,0,0.0017,0.016,0.061,0.0268,0.1262,3e-04,0,0.002,0.0204,0.0611,0.0237,0.1121,3e-04,0,0.0018,0.0168,0.0558
"169","G27060",0.0232,0.174,0.0013,0,0.0013,0.0237,0.0831,0.0181,0.1362,0.0012,0,0.0011,0.0295,0.0607,0.0253,0.1425,0.0015,0,0.0014,0.0228,0.0774,0.0193,0.1337,0.0013,0,0.0012,0.0205,0.0738
"170","G27100",0.0053,0.1309,0.0062,0,0.002,0.0493,0.0422,0.0071,0.1153,0.0049,0,0.0018,0.0435,0.0402,0.0058,0.1284,0.0053,0,0.0019,0.0361,0.04,0.0055,0.1241,0.0046,0,0.0017,0.0393,0.0413
"171","G27140",6.5776,0.3743,0.0093,0,0.0022,0.021,0.9372,7.6282,0.451,0.0069,0,0.0019,0.0212,1.0755,5.4489,0.3842,0.0097,0,0.002,0.0215,0.905,NA,NA,NA,NA,NA,NA,NA
"172","G27180",0.1764,0.5227,0.0284,0,0.0019,0.0456,0.2964,0.1315,0.4591,0.0295,0,0.0022,0.0486,0.2003,0.1737,0.5342,0.0303,0,0.0022,0.0456,0.2875,0.1555,0.4843,0.0258,0,0.0021,0.053,0.2366
"173","G27260",0.3029,0.2276,0.0077,0,0.0023,0.0296,0.2614,0.3089,0.2247,0.0079,0,0.0022,0.0284,0.2621,0.307,0.2326,0.0087,0,0.0022,0.0299,0.2577,0.3151,0.2323,0.0083,0,0.0025,0.0303,0.2774
"174","G27340",0.2046,0.3485,0.0061,0,0.0051,0.0082,0.2439,0.1723,0.3477,0.006,0,0.0054,0.0062,0.2765,0.1872,0.3556,0.0055,0,0.0054,0.0083,0.27,0.206,0.4217,0.0049,0,0.0052,0.0074,0.3101
"175","G27500",0.0139,0.1359,0.0062,0,0.0025,0.0385,0.0602,0.0179,0.162,0.0096,0,0.0029,0.0376,0.0851,0.0115,0.1477,0.0061,0,0.0022,0.0422,0.0574,0.0134,0.1512,0.0063,0,0.0024,0.0404,0.081
"176","G27620",0.003,0.1407,0.0089,0,0.0027,0.0407,0.042,0.0027,0.1317,0.0108,0,0.0025,0.038,0.0374,0.0032,0.1532,0.0094,0,0.0029,0.0435,0.0454,0.0021,0.1092,0.0056,0,0.0021,0.0378,0.0311
"177","G27740",0.0022,0.3552,0.0149,0,0.0014,0.0576,0.0966,0.002,0.3558,0.0185,0,0.0012,0.0514,0.0863,0.0021,0.3867,0.0171,0,0.0013,0.0598,0.0902,0.0015,0.3947,0.0147,0,0.0012,0.0529,0.0758
"178","G27780",6e-04,0.2289,0.0083,0,0.0017,0.0856,0.0476,3e-04,0.168,0.0073,0,0.0012,0.0673,0.0385,4e-04,0.2238,0.0076,0,0.0016,0.0985,0.0427,5e-04,0.1425,0.0077,0,0.0013,0.0829,0.0352
"179","G27860",0.0259,0.7953,0.017,0,0.0029,0.021,0.1931,0,1.0169,0.039,0,0,0,0.1973,0.0207,0.8681,0.0165,0,0.0033,0.0232,0.1657,0.0292,0.8625,0.0233,0,0.0028,0.0217,0.2088
"180","G27900",0.0187,0.4011,0.0136,0,0.0033,0.0309,0.1377,0.0224,0.417,0.0183,0,0.0027,0.0303,0.1496,0.0163,0.351,0.0152,0,0.0028,0.0234,0.1138,0.0184,0.4049,0.012,0,0.0025,0.0281,0.1322
"181","G27980",4.4869,0.0929,0.0028,0,0.0026,0.0574,0.7021,3.1788,0.0816,0.0027,0,0.0016,0.0346,0.4163,4.7962,0.0804,0.0024,0,0.0024,0.036,0.9248,8.5393,0.0795,0.0028,0,0.0015,0.0409,0.8512
"182","G28020",0.0367,0.2388,0.002,0,0.0024,0.0226,0.1189,0.041,0.1933,0.0021,0,0.0018,0.0238,0.096,0.0521,0.2156,0.0022,0,0.0024,0.0254,0.1235,0.0442,0.2101,0.0021,0,0.0026,0.0213,0.1197
"183","G28100",0.079,0.1523,0.0104,0,0.0025,0.0479,0.0938,0.0836,0.1615,0.0124,0,0.0028,0.0433,0.1223,0.0936,0.1367,0.0105,0,0.0026,0.0514,0.1075,0.1158,0.1805,0.013,0,0.0032,0.054,0.1352
"184","G28140",0.1079,0.1237,0.0038,0,0.0031,0.0229,0.122,0.1075,0.1294,0.0039,0,0.003,0.023,0.1313,0.1103,0.1225,0.0038,0,0.003,0.0223,0.1205,0.1122,0.1278,0.0039,0,0.0029,0.0217,0.1261
"185","G28420",0.2273,0.1973,0.0084,0,0.0057,0.0198,0.2074,NA,NA,NA,NA,NA,NA,NA,0.2359,0.212,0.0077,0,0.0054,0.0191,0.2073,0.2473,0.2792,0.0087,0,0.0048,0.0211,0.2515
"186","G28660",0.8722,0.333,0.0065,0,0.0045,0.0106,0.5135,0.5649,0.2884,0.0063,0,0.004,0.0148,0.4511,0.914,0.3236,0.0064,0,0.0048,0.0097,0.5549,0.9404,0.3725,0.0072,0,0.005,0.0099,0.5765
"187","G28700",0.0014,0.3264,0.0203,0,0.0012,0.0727,0.0662,0.001,0.2606,0.0156,0,0.0011,0.077,0.0526,0.0014,0.3347,0.0212,0,0.0011,0.0646,0.0658,0.0016,0.3675,0.0221,0,0.0012,0.0727,0.0699
"188","G28740",0.0368,0.0889,0.0064,0,0.0012,0.0482,0.0656,0.0345,0.0801,0.0051,0,0.0014,0.0436,0.0625,0.0349,0.0773,0.0053,0,0.0013,0.0421,0.0589,0.0329,0.0825,0.0055,0,0.0014,0.046,0.0658
"189","G28940",0.0053,0.1887,0.0096,0,0.002,0.0427,0.0658,0.0045,0.2046,0.0094,0,0.002,0.0484,0.0607,0.0056,0.2027,0.0102,0,0.0019,0.0449,0.0638,0.0055,0.2251,0.0105,0,0.002,0.0457,0.068
"190","G29020",0.0066,0.2439,0.0126,0,0.003,0.0508,0.0686,0.0113,0.1875,0.0114,0,0.0039,0.066,0.0547,0.0053,0.264,0.012,0,0.0034,0.0595,0.0544,NA,NA,NA,NA,NA,NA,NA
"191","G29100",0.0032,0.1126,0.0012,0,0.0014,0.0315,0.0343,0.0046,0.0901,0.0017,0,0.0017,0.0384,0.0385,0.0039,0.1459,0.0013,0,0.0018,0.0362,0.0393,0.0036,0.1863,0.0015,0,0.0014,0.0295,0.0471
"192","G29180",0.1717,0.3819,0.0249,0,0.003,0.0234,0.2592,0.2005,0.4556,0.0247,0,0.0025,0.0241,0.2956,0.168,0.3898,0.0264,0,0.0035,0.024,0.2743,0.2089,0.4086,0.0285,0,0.0031,0.021,0.2914
"193","G29200",0.01,0.1238,0.0039,0,0.002,0.024,0.054,0.0063,0.1683,0.0028,0,0.0019,0.0244,0.0492,0.0105,0.1424,0.0032,0,0.002,0.0238,0.0651,NA,NA,NA,NA,NA,NA,NA
"194","G29340",0.2094,0.3834,0.0159,0,0.0033,0.023,0.2468,0.2219,0.2966,0.0131,0,0.0031,0.0234,0.2459,0.2688,0.3598,0.0148,0,0.0029,0.024,0.2689,0.2382,0.3694,0.0159,0,0.0032,0.024,0.2971
"195","G29420",0.0585,0.4956,0.0207,0,5e-04,0.1531,0.2068,0.0689,0.4394,0.019,0,1e-04,0.2084,0.2061,0.0658,0.4146,0.021,0,3e-04,0.1805,0.194,0.0575,0.4832,0.0199,0,5e-04,0.1771,0.1595
"196","G29460",0.3515,0.4214,0.0244,3e-04,0.0025,0.0528,0.3773,0.3185,0.4232,0.0225,2e-04,0.0023,0.0644,0.3616,0.3184,0.4197,0.0227,2e-04,0.0023,0.0526,0.3617,0.3157,0.4093,0.0229,3e-04,0.0023,0.0535,0.3626
"197","G29540",0.014,0.091,0.0166,0,0.0032,0.0409,0.0486,0.0143,0.1049,0.0176,0,0.0029,0.0399,0.0502,0.0133,0.0956,0.0174,0,0.0032,0.0413,0.0481,0.013,0.0916,0.0184,0,0.0031,0.041,0.0505
"198","G29620",0.0279,0.1407,0.0016,0,0.0018,0.0215,0.1023,0.029,0.1227,0.0015,0,0.0019,0.0227,0.0881,0.0308,0.1366,0.0014,0,0.0017,0.0249,0.095,0.0229,0.1211,0.0015,0,0.0019,0.027,0.0877
"199","G29700",4068.8263,3.0262,0.2972,0.1132,0.0075,0.0146,19.4172,16250.2449,3.6307,0.2833,0.0989,0.0058,0.0126,25.4702,4383.0253,3.7453,0.3541,0.1064,0.0094,0.0142,21.1358,5363.1177,4.1059,0.3462,0.0983,0.0083,0.0117,26.6526
"200","G29740",10.9178,0.9452,0.0301,0.0015,0.0033,0.0254,2.603,14.9256,0.5786,0.0242,6e-04,7e-04,0.0243,2.2301,11.2236,0.8428,0.0285,0.0018,0.0023,0.0264,2.7873,9.4686,0.7381,0.0372,0.0015,0.0021,0.0227,2.2344
"201","G29820",1.9904,0.2744,0.0195,0.0021,0.0026,0.0205,0.7507,1.5087,0.1675,0.0115,0,4e-04,0.0222,0.4584,2.1603,0.2827,0.0182,0.002,0.0024,0.0198,0.7868,3.085,0.4336,0.0382,0.0027,0.0021,0.0204,1.0572
"202","G29940",0.0444,0.2167,8e-04,0,0.0014,0.0159,0.1091,0.0411,0.1754,7e-04,0,0.0013,0.015,0.0905,0.0469,0.2032,8e-04,0,0.0012,0.0139,0.0984,0.0435,0.2009,6e-04,0,0.0014,0.0126,0.0826
"203","G30020",0.4119,0.3681,0.0089,0,0.0036,0.0169,0.4419,0.3,0.3188,0.013,0,0.0038,0.024,0.2928,0.5824,0.3419,0.0094,0,0.0029,0.0181,0.5362,0.4814,0.382,0.0066,0,0.0022,0.0116,0.3833
"204","G30140",0.0089,0.0934,0.0156,0,0.0029,0.0444,0.0478,0.0113,0.0874,0.0135,0,0.0029,0.0507,0.0444,0.0083,0.111,0.0095,0,0.0027,0.0418,0.0456,0.0107,0.1055,0.0119,0,0.0034,0.0527,0.0504
"205","G30300",0.0025,0.1588,0.0037,0,0.002,0.0675,0.0472,0.0111,0.2753,0.0059,0,0.0014,0.0812,0.078,0.0026,0.1997,0.0041,0,0.0021,0.0558,0.0541,0.004,0.1859,0.0049,0,0.0011,0.0544,0.0528
"206","G30340",0.0022,0.1438,0.0046,0,0.0016,0.0522,0.0306,0.003,0.1186,0.0064,0,0.0023,0.0511,0.0386,0.0032,0.134,0.0039,0,0.0022,0.0494,0.04,0.0025,0.1357,0.0039,0,0.002,0.0486,0.0372
"207","G30460",0.0345,0.1549,0.0054,0,0.0034,0.0216,0.0943,0.0332,0.1556,0.0054,0,0.0032,0.0228,0.0941,0.0323,0.168,0.005,0,0.0031,0.0206,0.089,0.0303,0.1513,0.0044,0,0.0028,0.0204,0.0791
"208","G30620",0.0109,0.1436,0.0067,0,0.0022,0.0517,0.0589,0.0094,0.1718,0.0073,0,0.0023,0.0451,0.057,0.01,0.1659,0.0057,0,0.002,0.0377,0.0558,0.009,0.1334,0.0053,0,0.0018,0.039,0.0588
"209","G30700",0.0231,0.1414,0.0027,0,0.0031,0.0186,0.0695,0.0157,0.1404,0.0019,0,0.0025,0.0212,0.061,0.0214,0.1364,0.0022,0,0.0028,0.0194,0.0634,0.0199,0.1502,0.0019,0,0.0029,0.0182,0.0661
"210","G30780",0.2465,0.2839,0.0051,0,0.0021,0.0228,0.2397,0.0858,0.2338,0.004,0,8e-04,0.0208,0.1424,0.2656,0.3004,0.0052,0,0.0023,0.0228,0.2719,0.2659,0.2728,0.0053,0,0.0022,0.0236,0.2788
"211","G30860",0.0188,0.1958,0.0011,0,0.005,0.0073,0.0859,0.0087,0.1656,0.0012,0,0.004,0.008,0.0556,0.0218,0.1513,0.0014,0,0.0048,0.0068,0.0675,0.0207,0.232,0.0014,0,0.0057,0.0065,0.0791
"212","G30980",0.2557,0.3935,0.0218,0,0.003,0.0337,0.3809,0.2503,0.3811,0.0271,0,0.0025,0.025,0.3681,0.2782,0.4088,0.0224,0,0.003,0.0321,0.3664,0.2999,0.3868,0.0198,0,0.0031,0.0322,0.3236
"213","G31020",0.0276,0.2833,0.0074,0,0.0014,0.0472,0.0979,0.0092,0.2002,0.0067,0,7e-04,0.0492,0.0582,0.0195,0.2644,0.0075,0,0.0013,0.0527,0.0883,0.0221,0.2341,0.0096,0,0.0013,0.0529,0.0838
"214","G31080",12.0344,0.1781,0.0275,0.0072,0.0029,0.0192,1.1319,12.712,0.1906,0.0309,0.0077,0.0029,0.0195,1.1817,11.9848,0.1709,0.0273,0.007,0.0028,0.0192,1.1233,12.4191,0.1695,0.0265,0.0067,0.0028,0.019,1.1183
"215","G31140",0.0544,0.1394,0.007,0,0.0027,0.0307,0.1011,0.0548,0.1417,0.0071,0,0.0024,0.0289,0.1001,0.0543,0.1483,0.0066,0,0.0024,0.0284,0.1003,0.0572,0.1617,0.0073,0,0.0027,0.0287,0.1103
"216","G31180",0.8369,0.3811,0.0152,0,0.0025,0.0164,0.615,0.8563,0.4073,0.0147,0,0.0023,0.0169,0.5623,0.6733,0.3514,0.014,0,0.0028,0.0176,0.5279,0.7512,0.3378,0.0113,0,0.0027,0.0146,0.4706
"217","G31340",0.0409,0.1552,0.0165,0,0.0014,0.0585,0.08,0.0449,0.183,0.019,0,0.0017,0.0545,0.1059,0.0375,0.149,0.0152,0,0.0014,0.0704,0.0878,0.035,0.1792,0.0164,0,0.0013,0.0641,0.0944
"218","G31420",2.6488,0.8752,0.0208,0,0.0019,0.0272,1.1353,2.6272,0.7652,0.0219,0,0.002,0.0209,1.2622,3.3742,0.8625,0.0227,0,0.002,0.0274,1.4225,2.9215,0.7973,0.0232,0,0.0022,0.0291,1.222
"219","G31460",1.3608,0.3038,0.0305,4e-04,0.0019,0.0309,0.7099,1.4495,0.3963,0.0618,0.0015,0.0023,0.0224,0.7777,1.6652,0.218,0.0325,4e-04,0.0019,0.0221,0.6741,2.6332,0.2438,0.0339,3e-04,0.0028,0.0232,0.7955
"220","G31540",0.0157,0.045,8e-04,0,0.0018,0.0236,0.0328,0.0157,0.0422,8e-04,0,0.0018,0.0224,0.0376,0.0133,0.0519,7e-04,0,0.0016,0.0242,0.032,0.0173,0.0508,6e-04,0,0.0018,0.0205,0.0353
"221","G31700",0.0117,0.0358,0.004,0,0.0019,0.0351,0.0215,0.0126,0.0353,0.0039,0,0.002,0.037,0.0255,0.0115,0.0313,0.0039,0,0.0019,0.036,0.0214,0.01,0.0293,0.0045,0,0.002,0.0344,0.0237
"222","G31740",0.0678,0.2289,4e-04,0,9e-04,0.0071,0.1937,0.0767,0.2714,4e-04,0,0.0011,0.0089,0.1714,0.0891,0.2627,4e-04,0,9e-04,0.0079,0.1307,0.0834,0.1888,5e-04,0,9e-04,0.0073,0.1446
"223","G31860",0.004,0.0749,0.0011,0,0.0022,0.0225,0.0265,0.0042,0.0839,8e-04,0,0.0022,0.018,0.0269,0.0041,0.0538,7e-04,0,0.0024,0.0219,0.0285,0.0056,0.0811,8e-04,0,0.0025,0.0209,0.0476
"224","G31900",0.0016,0.2523,0.01,0,0.0014,0.0569,0.0448,0.002,0.2062,0.014,0,0.0016,0.0662,0.0476,0.0014,0.1651,0.0094,0,0.0011,0.0667,0.0399,0.0011,0.1791,0.0096,0,0.0012,0.0666,0.0375
"225","G32420",Inf,20.1562,0.1568,7.4695,6e-04,0.0745,102.9087,NA,NA,NA,NA,NA,NA,NA,Inf,17.8215,0.1371,7.3768,4e-04,0.0816,105.9931,Inf,24.4524,0.1464,7.5154,3e-04,0.0701,122.0879
"226","G32580",585.4905,1.3843,0.1908,0.0456,0.0064,0.0138,8.0544,1025.8386,1.3337,0.1587,0.0474,0.0066,0.0155,8.745,665.4111,1.4676,0.2139,0.05,0.007,0.0146,8.9058,622.3055,1.3526,0.2087,0.0499,0.0064,0.0156,9.2277
"227","G32780",0.0198,0.2432,0.0033,0,0.0012,0.0848,0.0848,0.0187,0.2219,0.0025,0,0.0012,0.0897,0.0856,0.0171,0.2917,0.0019,0,0.001,0.0949,0.0776,0.0212,0.2376,0.0021,0,9e-04,0.0901,0.0807
"228","G32820",9.157,0.5896,0.0146,0,0.0028,0.0185,1.6055,10.0465,0.6509,0.0145,0,0.0025,0.0174,1.6873,9.5909,0.6145,0.015,0,0.0029,0.0183,1.712,10.7467,0.7225,0.0171,0,0.0028,0.0185,2.1499
"229","G32900",11.7826,1.0272,0.1261,0.0107,0.0055,0.0128,2.6435,8.1975,1.0299,0.1336,0.0095,0.0046,0.0147,2.7247,13.5096,0.9487,0.1341,0.0123,0.0054,0.0136,2.8222,9.236,0.9955,0.1574,0.012,0.0057,0.0151,2.817
"230","G33100",8.895,0.2847,0.0141,0.0108,0.0019,0.0374,1.2213,9.642,0.2899,0.0146,0.0103,0.002,0.0359,1.2514,9.2109,0.2885,0.0142,0.0105,0.0019,0.0376,1.2223,10.1584,0.2865,0.0139,0.0097,0.0019,0.0343,1.2712
"231","G33140",0.0177,0.2276,0.0089,0,0.0019,0.0373,0.0925,0.0143,0.1731,0.0094,0,0.003,0.0388,0.0721,0.0193,0.2585,0.0102,0,0.0024,0.0322,0.0929,6e-04,0.0642,0.0024,0,0.0012,0.1195,0.0193
"232","G33220",0.0035,0.1106,0.0019,0,0.0025,0.0398,0.0352,0.0039,0.0961,0.0021,0,0.0024,0.0301,0.0319,0.0046,0.1387,0.0022,0,0.0023,0.0324,0.0378,0.004,0.1204,0.0021,0,0.002,0.0483,0.0379
"233","G33260",1.0501,0.0586,0.0143,2e-04,0.0055,0.0121,0.2386,1.2483,0.0565,0.0135,2e-04,0.0073,0.011,0.3042,0.9914,0.0591,0.0146,2e-04,0.0058,0.0126,0.2486,1.1409,0.0492,0.0144,3e-04,0.005,0.0114,0.2863
"234","G33340",0.1834,0.1727,0.0044,0,0.003,0.0214,0.179,0.229,0.1752,0.0044,0,0.003,0.0206,0.1969,0.1964,0.1701,0.0044,0,0.003,0.0207,0.1761,0.1864,0.1686,0.0043,0,0.0032,0.0209,0.1735
"235","G33460",0.0576,0.0531,0.0018,0,0.0034,0.0207,0.0586,0.051,0.0478,0.0016,0,0.0032,0.023,0.0509,0.0576,0.0524,0.0018,0,0.0034,0.0205,0.0584,0.0532,0.0499,0.0017,0,0.0033,0.0209,0.0559
"236","G33540",0.0083,0.1848,3e-04,0,8e-04,0.0252,0.0816,0.0067,0.1853,3e-04,0,7e-04,0.0353,0.0515,0.0069,0.204,4e-04,0,7e-04,0.0328,0.07,0.0069,0.1697,3e-04,0,4e-04,0.0294,0.0751
"237","G33660",1.9592,0.5754,0.0152,0,0.0025,0.0329,0.8906,1.8061,0.5617,0.0156,0,0.0022,0.0314,0.7666,1.8325,0.5522,0.0163,0,0.0024,0.0334,0.9635,1.512,0.5677,0.0168,0,0.0025,0.0346,0.9413
"238","G33700",1.3601,0.4304,0.0491,0.0022,0.004,0.0182,0.7037,1.5809,0.4327,0.0451,0.002,0.0038,0.0172,0.8039,1.4981,0.4296,0.0474,0.0022,0.0042,0.0192,0.7392,1.2958,0.4509,0.048,0.0022,0.0041,0.018,0.7377
"239","G33740",0.8713,0.9254,0.0119,0,0.0029,0.0269,0.8052,0.8519,1.0496,0.0133,0,0.0034,0.0197,0.8418,0.8119,0.8396,0.0147,0,0.0041,0.0277,0.8828,0.9771,1.1265,0.0137,0,0.0035,0.0228,0.9759
"240","G33780",0.0048,0.0889,0.0051,0,0.0025,0.0364,0.0313,0.0052,0.0858,0.0049,0,0.0019,0.0431,0.035,0.0052,0.0929,0.005,0,0.0023,0.0381,0.0342,0.0047,0.0711,0.0044,0,0.0018,0.0359,0.0337
"241","G33860",4.3989,0.3585,0.0181,0,0.0014,0.0309,0.8225,2.5893,0.2994,0.0158,0,0.001,0.0313,0.5599,3.5793,0.397,0.0152,0,0.001,0.0243,0.7771,3.809,0.4194,0.0175,0,0.0014,0.027,0.9159
"242","G34060",0.0021,0.2238,0.0033,0,9e-04,0.0194,0.0559,0.0013,0.2807,0.0052,0,8e-04,0.0244,0.0584,0.0013,0.1984,0.0031,0,6e-04,0.017,0.0394,0.001,0.2089,0.0022,0,5e-04,0.0135,0.0349
"243","G34100",0.0045,0.3754,0.0377,0,0.0022,0.081,0.0828,0.0045,0.378,0.0477,0,0.0018,0.0621,0.0782,0.0039,0.3242,0.0384,0,0.0019,0.0652,0.0719,0.0031,0.4119,0.0414,0,0.002,0.0574,0.0869
"244","G34580",0.0439,0.1455,0.0078,0,0.0031,0.0792,0.1131,0.0394,0.149,0.0061,0,0.0038,0.0714,0.1094,0.0391,0.094,0.0057,0,0.0021,0.0879,0.0842,0.0467,0.1405,0.0064,0,0.0026,0.0523,0.1063
"245","G34620",0.004,0.5557,0.006,0,9e-04,0.0229,0.0851,0.004,0.6309,0.0058,0,0.001,0.0199,0.109,0.0039,0.4948,0.0076,0,9e-04,0.0245,0.0845,NA,NA,NA,NA,NA,NA,NA
"246","G34740",0.0324,0.2561,0.0052,0,0.0023,0.0234,0.1373,0.0409,0.3509,0.0064,0,0.0023,0.021,0.1256,0.029,0.3155,0.0052,0,0.002,0.0228,0.1149,0.0424,0.2998,0.0062,0,0.0024,0.027,0.1504
"247","G34820",0.0235,0.2558,0.0083,0,0.001,0.1146,0.1123,0.0257,0.269,0.0073,0,0.001,0.1084,0.0998,0.024,0.3114,0.008,0,0.001,0.1035,0.1158,0.0216,0.229,0.0081,0,9e-04,0.1204,0.0978
"248","G34900",0.4204,0.0558,0.0095,1e-04,0.0014,0.0427,0.1549,0.4258,0.0671,0.0113,2e-04,0.0014,0.0517,0.1576,0.424,0.0611,0.0104,1e-04,0.0013,0.0505,0.1535,0.39,0.0454,0.0106,1e-04,0.001,0.0341,0.1692
"249","G34940",0.0501,0.0847,0.0038,2e-04,3e-04,0.2698,0.0652,0.0415,0.0664,0.0038,2e-04,2e-04,0.3414,0.0664,0.0428,0.0831,0.0037,3e-04,3e-04,0.3014,0.0635,0.0526,0.0667,0.004,3e-04,3e-04,0.2848,0.0548
"250","G34980",0.0792,0.1206,0.0059,0,0.0025,0.019,0.1052,0.0666,0.1158,0.0057,0,0.0027,0.0204,0.1003,0.0722,0.1287,0.0058,0,0.0025,0.0186,0.111,0.0765,0.1281,0.0063,0,0.0024,0.0197,0.1147
"251","G35100",0.1294,0.2774,0.0121,0,0.002,0.0387,0.1916,0.1617,0.2613,0.0118,0,0.0026,0.0453,0.1925,0.1236,0.2366,0.0121,0,0.0023,0.0359,0.1632,0.1306,0.1843,0.0087,0,0.0022,0.045,0.1423
"252","G35300",0.1758,0.0595,0.0053,3e-04,0.0015,0.0383,0.1145,0.1666,0.0525,0.0048,2e-04,0.0013,0.0347,0.1058,0.2109,0.0575,0.0049,2e-04,0.0013,0.037,0.1259,0.1877,0.0558,0.0055,2e-04,0.0014,0.0361,0.1115
"253","G35380",1.383,0.352,0.013,0,0.0024,0.0258,0.6691,1.204,0.3251,0.0129,0,0.0022,0.026,0.611,1.3525,0.3396,0.013,0,0.0023,0.0259,0.6308,1.2693,0.3277,0.0138,0,0.0023,0.0261,0.6138
"254","G35620",3.6232,0.0935,0.0093,0.0013,0.0019,0.0226,0.4947,2.2365,0.0894,0.0104,0.0022,0.0024,0.024,0.4327,3.1888,0.0931,0.0088,0.0013,0.002,0.0225,0.4711,3.1795,0.0982,0.0104,0.0019,0.0022,0.0225,0.5134
"255","G35660",0.0264,0.2844,0.0078,0,0.0026,0.0652,0.1315,0.0263,0.2573,0.0075,0,0.0024,0.0585,0.1233,0.0251,0.3014,0.008,0,0.0021,0.0587,0.1115,0.0311,0.2984,0.0084,0,0.0023,0.0632,0.1253
"256","G35840",0.0272,0.1274,0.0043,0,6e-04,0.2225,0.0688,0.027,0.1179,0.0043,0,5e-04,0.2686,0.0627,0.0308,0.1301,0.0045,0,5e-04,0.2263,0.0733,0.0305,0.1331,0.0043,0,6e-04,0.2201,0.0696
"257","G35980",0.0226,0.0394,0.0021,0,0.0014,0.0538,0.0315,0.0205,0.0314,0.0022,0,0.0013,0.0385,0.0308,0.0273,0.0402,0.0019,0,0.0013,0.0453,0.0335,0.0244,0.0401,0.002,0,0.0015,0.0417,0.0368
"258","G36100",0.0855,0.4368,0.0163,0,8e-04,0.1159,0.2461,0.0743,0.4508,0.0198,0,8e-04,0.1103,0.2724,0.087,0.4166,0.0166,0,7e-04,0.1116,0.2542,0.0792,0.3851,0.0168,0,6e-04,0.1113,0.2201
"259","G36140",0.0055,0.0989,0.0038,0,8e-04,0.1419,0.0336,0.0051,0.1039,0.0041,0,9e-04,0.1653,0.037,0.0042,0.0995,0.0041,0,6e-04,0.159,0.0305,0.0053,0.0883,0.0032,0,7e-04,0.1609,0.0294
"260","G36220",3.6624,0.1746,0.0518,0.0034,0.008,0.013,0.6199,3.6615,0.1469,0.0408,0.0024,0.007,0.013,0.6138,3.3391,0.171,0.0565,0.0031,0.0079,0.0147,0.6359,3.0385,0.1854,0.054,0.0036,0.008,0.0157,0.697
"261","G36260",0.0335,0.0843,0.0022,0,0.0065,0.0136,0.0565,0.0302,0.0797,0.0023,0,0.0064,0.0163,0.0531,0.0322,0.0758,0.0021,0,0.0064,0.0134,0.0583,0.0333,0.0772,0.0022,0,0.007,0.0153,0.0561
"262","G36420",0.3281,0.2919,0.0071,0,0.0029,0.0191,0.329,0.3499,0.308,0.0077,0,0.0026,0.018,0.3458,0.3408,0.3313,0.0071,0,0.0028,0.0195,0.3576,0.3729,0.3413,0.0074,0,0.0029,0.0184,0.3754
"263","G36500",0.083,0.0967,0.0027,0,0.002,0.039,0.0899,NA,NA,NA,NA,NA,NA,NA,0.0743,0.1103,0.0026,0,0.0015,0.0354,0.0991,0.0578,0.089,0.0029,0,0.0016,0.0387,0.0811
"264","G36540",0.0477,0.1061,0.0027,0,0.0041,0.0189,0.0778,0.0452,0.1012,0.0026,0,0.0038,0.0185,0.08,0.0502,0.1074,0.0026,0,0.0037,0.0181,0.0835,0.051,0.1172,0.0026,0,0.0036,0.0177,0.0834
"265","G36740",0.634,0.2654,0.0072,5e-04,0.0024,0.0326,0.3949,0.6365,0.2956,0.0068,4e-04,0.0025,0.0348,0.3984,0.6397,0.2608,0.0069,4e-04,0.0025,0.0356,0.3823,0.6581,0.2675,0.0073,4e-04,0.0024,0.0346,0.3925
"266","G36780",0.0098,0.109,0.0037,0,0.0022,0.0323,0.0443,0.0093,0.1176,0.0031,0,0.0023,0.0342,0.0426,0.0096,0.0922,0.0033,0,0.0021,0.0304,0.0436,0.0099,0.1147,0.0042,0,0.0018,0.0255,0.0549
"267","G36980",0.0043,0.3301,0.0107,0,0.0045,0.0357,0.0725,0.0042,0.4104,0.012,0,0.005,0.0365,0.0949,0.0036,0.4144,0.0106,0,0.0039,0.0316,0.079,0.003,0.3385,0.0068,0,0.0038,0.0337,0.0715
"268","G37100",0.9818,0.0626,0.0073,3e-04,0.0024,0.0289,0.251,1.0351,0.0649,0.0091,6e-04,0.0027,0.0319,0.272,1.1512,0.0608,0.0073,3e-04,0.0025,0.0272,0.2627,1.0386,0.0568,0.0078,2e-04,0.0025,0.0259,0.2332
"269","G37340",0.0624,0.1875,0.0054,0,0.0013,0.0948,0.1215,0.0608,0.1891,0.0046,0,0.0011,0.0926,0.1307,0.0616,0.2012,0.0049,0,0.001,0.0886,0.1217,0.0638,0.1934,0.0049,0,0.0011,0.0949,0.1208
"270","G37460",0.0775,0.2829,0.0066,0,0.0029,0.0402,0.1475,0.0793,0.2497,0.0066,0,0.0034,0.0408,0.1332,0.0693,0.2554,0.0067,0,0.0032,0.037,0.1494,0.0717,0.2744,0.0062,0,0.0035,0.0478,0.1638
"271","G37620",9e-04,0.7666,0.0111,0,0.0021,0.0705,0.1112,4e-04,0.3965,0.0107,0,0.0019,0.0509,0.0769,7e-04,0.555,0.0151,0,0.0015,0.0657,0.084,5e-04,0.4425,0.0119,0,0.0017,0.0601,0.0664
"272","G37860",0.0973,0.1928,0.0047,0,0.0025,0.037,0.1501,0.1007,0.1795,0.0042,0,0.0025,0.0355,0.1334,0.1115,0.1798,0.0043,0,0.0025,0.0356,0.1423,0.1093,0.1768,0.0042,0,0.0024,0.0364,0.1518
"273","G37900",0.0058,0.1741,0.0044,0,0.0025,0.035,0.0634,0.0055,0.1635,0.0048,0,0.0027,0.0382,0.0524,0.0053,0.1958,0.0049,0,0.0027,0.0374,0.0584,0.0063,0.1667,0.0055,0,0.0026,0.0383,0.0533
"274","G37980",0.334,0.0998,0.0057,0,0.0025,0.0264,0.1741,0.3211,0.1023,0.0058,0,0.0024,0.0253,0.1826,0.3371,0.0991,0.0057,0,0.0024,0.0255,0.1721,0.3402,0.0988,0.0058,0,0.0024,0.0256,0.1762
"275","G38060",0.4132,0.1426,0.0059,1e-04,0.0027,0.0202,0.2472,0.3764,0.1454,0.0053,0,0.002,0.0207,0.2392,0.4114,0.1403,0.0058,1e-04,0.0026,0.0196,0.2443,0.4331,0.1572,0.006,0,0.0026,0.0183,0.2528
"276","G38220",4.0954,0.7638,0.021,0,6e-04,0.0444,1.5075,3.5806,0.6611,0.0296,0,1e-04,0.0506,0.6864,3.8158,0.7528,0.0198,0,8e-04,0.0364,1.2834,4.1671,0.8932,0.018,0,8e-04,0.0351,1.4625
"277","G38300",0.0083,0.1058,0.0025,0,0.0016,0.0531,0.0488,0.0082,0.111,0.0023,0,0.0015,0.0477,0.0509,0.0087,0.1093,0.0024,0,0.0016,0.0544,0.0491,0.0089,0.1089,0.0025,0,0.0016,0.0523,0.0486
"278","G38340",0.005,0.0774,0.0056,0,4e-04,0.0692,0.0294,0.0041,0.056,0.0052,0,1e-04,0.0776,0.0266,0.0047,0.0847,0.005,0,2e-04,0.0712,0.0361,0.0059,0.082,0.0059,0,3e-04,0.0849,0.0387
"279","G38540",0.0358,0.3597,0.0063,0,0.0094,0.0245,0.1281,0.0389,0.3147,0.0064,0,0.0025,0.0256,0.1404,0.0384,0.3673,0.008,0,0.0053,0.0269,0.1451,0.0306,0.4057,0.0076,0,0.0028,0.027,0.1333
"280","G38660",Inf,32.3203,0.0957,11.0994,5e-04,0.0459,138.9819,NA,NA,NA,NA,NA,NA,NA,Inf,35.1659,0.1111,10.4585,6e-04,0.0521,181.3046,Inf,28.0776,0.082,10.788,5e-04,0.0522,146.3464
"281","G38860",0.0023,0.0581,0.0014,0,0.0015,0.0669,0.0226,0.002,0.0656,0.0019,0,0.0017,0.0564,0.0284,0.0021,0.052,0.0016,0,0.0015,0.0538,0.0205,0.0021,0.0561,0.0015,0,0.0016,0.0536,0.0208
"282","G38900",0.0777,0.1027,0.0031,0,0.0026,0.024,0.0923,0.074,0.0855,0.0027,0,0.0025,0.0235,0.0889,0.0744,0.0997,0.0027,0,0.0023,0.0225,0.0915,0.0727,0.1,0.0029,0,0.0024,0.0219,0.0914
"283","G38940",0.1061,0.2349,0.0091,0,9e-04,0.1321,0.1839,0.1047,0.2146,0.0092,0,0.001,0.1228,0.2075,0.1104,0.232,0.0101,0,0.001,0.1201,0.2246,0.0962,0.2466,0.0086,0,9e-04,0.1214,0.1924
"284","G39100",0.1168,0.0498,0.0051,0,0.0015,0.0291,0.0909,0.105,0.048,0.0045,0,0.0015,0.0261,0.0733,0.1092,0.0479,0.0045,0,0.0014,0.0258,0.0873,0.1027,0.0504,0.0049,0,0.0016,0.0296,0.0858
"285","G39150",0.028,0.2344,0.0062,0,4e-04,0.1887,0.0941,0.0284,0.2466,0.0056,0,3e-04,0.2085,0.1107,0.0283,0.2704,0.0069,0,3e-04,0.1439,0.1059,0.033,0.2391,0.0071,0,5e-04,0.1342,0.1065
"286","G39300",0.0375,0.1083,0.0122,2e-04,0.0016,0.0344,0.0744,0.0377,0.1067,0.0128,1e-04,0.0016,0.034,0.0745,0.0381,0.1104,0.012,2e-04,0.0015,0.0348,0.074,0.0384,0.1085,0.0128,2e-04,0.0015,0.0336,0.0766
"287","G39340",0.0257,0.1111,0.001,0,0.0068,0.0054,0.0559,0.0239,0.1028,8e-04,0,0.006,0.0042,0.0609,0.0267,0.1123,9e-04,0,0.0063,0.0045,0.0622,0.0259,0.1192,0.001,0,0.0067,0.005,0.0615
"288","G39380",1.4817,0.9059,0.0119,0,0.0024,0.0347,1.1213,1.3428,0.9156,0.0147,0,0.0029,0.042,1.0561,1.3486,0.8047,0.0123,0,0.0023,0.038,1.0498,1.2453,0.7941,0.0132,0,0.0024,0.0426,1.0138
"289","G39460",0.0124,0.1232,0.0091,0,1e-04,0.5137,0.0645,0.007,0.1232,0.0086,0,0,0.5014,0.0464,0.0087,0.1182,0.0078,0,0,0.4336,0.0495,0.009,0.1314,0.0102,0,0,0.5251,0.0561
"290","G39540",0.0968,0.1255,0.0062,0,0.0019,0.0346,0.1049,0.0964,0.1171,0.0061,0,0.0022,0.0304,0.0995,0.0864,0.1372,0.0072,0,0.0019,0.031,0.1034,0.0997,0.1268,0.0061,0,0.0021,0.0302,0.1171
"291","G39580",0.2677,0.0705,0.0034,0,0.0025,0.0175,0.1498,0.2693,0.073,0.0033,0,0.0023,0.0151,0.1463,0.2819,0.0826,0.0037,0,0.0025,0.0169,0.1522,0.2796,0.0825,0.0037,0,0.0024,0.0155,0.1478
"292","G39660",0.0355,0.1957,0.002,0,0.0027,0.0395,0.0953,0.0428,0.1965,0.0029,0,0.0035,0.0396,0.0884,0.0318,0.2175,0.0026,0,0.003,0.0335,0.1003,0.0302,0.2442,0.0022,0,0.0024,0.0317,0.1077
"293","G39740",0.0374,0.1056,0.0125,0,0.0021,0.0427,0.0698,0.032,0.095,0.012,0,0.0023,0.0387,0.0579,0.0406,0.0918,0.011,0,0.0022,0.038,0.053,0.0411,0.1024,0.0122,0,0.0027,0.0385,0.0689
"294","G39820",0.0365,0.3118,0.0088,0,0.0022,0.0686,0.1321,0.0379,0.4386,0.0094,0,0.0023,0.0748,0.1734,0.0481,0.3078,0.0096,0,0.0024,0.0675,0.1374,0.0323,0.2557,0.008,0,0.0017,0.05,0.1215
"295","G39900",0.1897,0.1125,0.0064,0,0.0021,0.0299,0.1717,NA,NA,NA,NA,NA,NA,NA,0.1965,0.0922,0.0056,0,0.0019,0.028,0.1533,0.2561,0.1339,0.0081,0,0.0018,0.026,0.224
"296","G40060",0.5248,0.0794,0.0057,0,0.0021,0.0285,0.1863,0.5014,0.0851,0.0052,0,0.002,0.027,0.1974,0.5466,0.0848,0.0058,0,0.0019,0.0266,0.206,0.5314,0.0861,0.0055,0,0.0019,0.0274,0.2281
"297","G40140",5.7367,0.2817,0.0361,0.0011,0.0032,0.0162,1.1694,4.976,0.2301,0.0292,7e-04,0.0029,0.0164,1.0155,5.8069,0.2893,0.0361,0.001,0.0032,0.0158,1.2168,5.8513,0.2877,0.0338,0.001,0.003,0.016,1.1822
"298","G40220",0.0282,0.0908,0.0065,0,0.0014,0.0495,0.0609,0.0263,0.0845,0.0062,0,0.0015,0.0426,0.0604,0.0199,0.0871,0.006,0,0.0014,0.0503,0.0567,0.0231,0.105,0.0062,0,0.0014,0.0498,0.0584
"299","G40340",0.0048,0.0599,0.0017,0,0.0026,0.0457,0.0233,0.0054,0.0512,0.0016,0,0.0028,0.0339,0.0229,0.0058,0.0648,0.0021,0,0.0027,0.0506,0.0246,0.0048,0.0578,0.002,0,0.0031,0.0472,0.0239
"300","G40380",0.0342,0.1359,0.0052,0,0.0019,0.0411,0.0783,0.0324,0.1436,0.005,0,0.0017,0.0416,0.0764,0.0353,0.1303,0.0055,0,0.0019,0.041,0.0794,0.0372,0.148,0.0056,0,0.0017,0.0382,0.0874
"301","G40420",0.1296,0.2996,0.0165,0,0.0027,0.0302,0.2075,0.1571,0.3034,0.0189,0,0.0025,0.0347,0.2498,0.1183,0.3033,0.0151,0,0.0025,0.0311,0.2218,0.1132,0.3036,0.0161,0,0.0025,0.0305,0.2249
"302","G40580",1.8981,0.3978,0.0336,0,0.0012,0.0633,0.8519,1.4074,0.4698,0.0342,0,0.0013,0.0595,0.7372,1.4291,0.5534,0.0386,0,0.0015,0.0579,0.8267,1.7163,0.5913,0.0418,0,0.0014,0.0574,0.9745
"303","G40660",0.0757,0.3517,0.0453,0,0.0033,0.0392,0.1658,0.0556,0.4438,0.0488,0,0.0029,0.0324,0.1484,0.0827,0.5332,0.0528,0,0.0027,0.0341,0.1847,0.0781,0.4813,0.048,0,0.003,0.0284,0.1975
"304","G40900",0.5081,0.1186,0.0042,1e-04,0.0021,0.0239,0.2539,0.5842,0.1297,0.004,2e-04,0.0021,0.0238,0.3007,0.4952,0.1235,0.004,1e-04,0.0021,0.0247,0.2549,0.5353,0.1265,0.004,1e-04,0.0022,0.0239,0.2705
"305","G40980",0.0867,0.2786,0.009,0,0.0023,0.0472,0.1452,0.1036,0.2546,0.008,0,0.002,0.0513,0.1673,0.1014,0.2913,0.0082,0,0.0017,0.04,0.1857,0.088,0.3034,0.0081,0,0.0018,0.0412,0.1903
"306","G41060",0.0038,0.1071,0.0036,0,0.0029,0.0193,0.0341,0.0036,0.1453,0.0037,0,0.0027,0.0138,0.0481,0.0037,0.1098,0.0039,0,0.0033,0.0235,0.0356,0.0037,0.1065,0.0036,0,0.0029,0.0258,0.0366
"307","G41100",0.0212,0.2621,0.004,0,0.0032,0.0585,0.1217,0.0202,0.2156,0.0039,0,0.0036,0.0719,0.0983,0.0195,0.2415,0.0039,0,0.0029,0.0459,0.111,0.0212,0.3258,0.0035,0,0.0026,0.0403,0.1297
"308","G41140",0.0065,0.2787,0.0081,0,0.0035,0.0376,0.086,0.0091,0.3307,0.0083,0,0.003,0.035,0.1015,0.0078,0.2474,0.0085,0,0.0036,0.035,0.0912,0.007,0.2524,0.007,0,0.0029,0.0375,0.0808
"309","G41180",0.085,0.1272,0.0051,0,0.0024,0.0326,0.1221,0.0874,0.1338,0.005,0,0.0021,0.0318,0.1357,0.0859,0.1281,0.005,0,0.0023,0.0323,0.1218,0.0811,0.1279,0.0053,0,0.0023,0.0307,0.1151
"310","G41420",0.121,0.2655,0.0091,0,0.0025,0.0263,0.1861,0.1209,0.2448,0.011,0,0.0027,0.0263,0.1814,0.1127,0.2554,0.0099,0,0.0023,0.0291,0.1784,0.1163,0.2322,0.0078,0,0.0023,0.0283,0.1763
"311","G41500",4.555,0.1395,0.0236,0.0016,0.0018,0.017,0.5511,4.5839,0.1414,0.0171,0.0018,0.0026,0.0264,0.4495,5.0338,0.139,0.0247,0.002,0.0018,0.0214,0.5899,5.0014,0.1284,0.0223,0.0016,0.0018,0.0186,0.5971
"312","G41540",0.0496,0.1223,0.0084,0,0.0016,0.116,0.0937,0.0494,0.1198,0.0072,0,0.0016,0.1007,0.0909,0.0566,0.1406,0.0093,0,0.0016,0.1151,0.1226,0.0566,0.1595,0.0096,0,0.0016,0.0949,0.1248
"313","G41620",0.0776,0.1003,0.0038,0,0.0053,0.0131,0.0923,0.0737,0.0999,0.0036,0,0.0049,0.0134,0.0933,0.0759,0.1042,0.0039,0,0.0051,0.0135,0.0948,0.0786,0.1116,0.0038,0,0.005,0.0133,0.102
"314","G41660",1.3017,0.3102,0.0138,0,0.0021,0.0232,0.6943,1.5933,0.3645,0.0096,0,0.0017,0.0249,0.7143,1.054,0.334,0.0102,0,0.0025,0.023,0.5862,1.0584,0.3286,0.0125,0,0.0024,0.0253,0.644
"315","G41700",10.293,0.3756,0.02,0.0016,0.003,0.0197,1.6155,10.1552,0.3546,0.0187,0.0014,0.003,0.0212,1.4587,10.8569,0.3728,0.0221,0.0015,0.0031,0.0196,1.6216,10.1696,0.3899,0.0219,0.0017,0.0032,0.0203,1.6297
"316","G41740",1.389,0.1067,0.0064,7e-04,0.0027,0.0184,0.4226,1.3856,0.1089,0.0067,7e-04,0.0026,0.0215,0.401,1.3113,0.1143,0.006,6e-04,0.0027,0.0184,0.4131,1.37,0.1101,0.0058,7e-04,0.0027,0.019,0.4096
"317","G41860",2.9891,0.0412,0.0049,0.0023,0.0022,0.0247,0.4218,3.4351,0.0444,0.0058,0.0028,0.0022,0.0243,0.4424,2.8026,0.0413,0.0048,0.0023,0.0022,0.0247,0.4132,2.8425,0.0417,0.0048,0.0022,0.0021,0.0241,0.4075
"318","G41900",Inf,35.4932,0.2203,20.8664,6e-04,0.0866,174.3034,NA,NA,NA,NA,NA,NA,NA,Inf,33.394,0.2534,18.2102,6e-04,0.0838,161.5981,Inf,27.5466,0.2179,17.5193,6e-04,0.0883,141.6225
"319","G41940",4.5128,0.0239,0.0049,0.0057,0.003,0.0194,0.4476,4.5326,0.0254,0.0055,0.006,0.0028,0.0198,0.4354,4.7146,0.0232,0.0047,0.0054,0.003,0.0196,0.4421,4.5421,0.0227,0.0046,0.0055,0.003,0.0199,0.4311
"320","G41980",Inf,7.0671,0.0536,3.8763,9e-04,0.0537,42.713,NA,NA,NA,NA,NA,NA,NA,Inf,6.7838,0.055,4.0263,9e-04,0.0542,42.2837,Inf,7.1181,0.0548,4.0583,8e-04,0.0548,44.321
"321","G42020",0.1602,0.1152,0.002,0,9e-04,0.0465,0.1284,0.1156,0.1178,0.0026,0,9e-04,0.0871,0.137,0.1424,0.126,0.0024,0,0.0012,0.0562,0.1242,0.1465,0.1076,0.002,0,9e-04,0.061,0.1126
"322","G42100",0.2359,0.0688,0.0013,0,7e-04,0.0283,0.1237,0.2286,0.0813,0.0022,0,7e-04,0.031,0.1528,0.203,0.0578,0.0014,0,6e-04,0.0291,0.1201,0.2243,0.055,0.0016,0,7e-04,0.0287,0.1109
"323","G42140",2.7337,0.1428,0.005,0,5e-04,0.0513,0.7283,1.6666,0.0535,0.0018,0,3e-04,0.0737,0.3654,2.0968,0.1378,0.0052,0,6e-04,0.048,0.672,2.9948,0.1112,0.0061,0,0.001,0.0828,0.6852
"324","G42200",0.7454,0.1003,0.0057,0,0.0013,0.0351,0.301,1.1357,0.1263,0.0077,2e-04,0.0019,0.0253,0.4189,0.7506,0.0783,0.0061,0,0.0014,0.0364,0.3067,0.7957,0.09,0.0052,0,0.0013,0.0363,0.2925
"325","G42220",0.1329,0.0599,0.0032,0,7e-04,0.0447,0.0892,0.1716,0.0713,0.0051,0,0.0017,0.0419,0.1231,0.1582,0.0572,0.0035,0,7e-04,0.0395,0.1074,0.1722,0.0565,0.004,0,7e-04,0.0495,0.1164
"326","G42340",1.8119,0.5271,0.0133,0,0.0027,0.0234,0.8969,2.0157,0.5566,0.0128,0,0.0029,0.023,0.9238,2.5975,0.5283,0.0131,0,0.0027,0.0211,1.0284,2.1591,0.5195,0.0094,0,0.0021,0.0186,0.9308
"327","G42540",0.0041,0.2254,0.0066,0,0.0011,0.0652,0.0582,0.0043,0.1974,0.0062,0,0.0012,0.0553,0.0591,0.0047,0.211,0.0067,0,0.0012,0.0558,0.0605,0.0045,0.1918,0.0059,0,0.0011,0.0552,0.0615
"328","G42660",0.2426,0.0472,0.0025,1e-04,0.0027,0.0203,0.1228,0.2128,0.0398,0.0016,0,0.0023,0.0187,0.1076,0.2314,0.0458,0.0024,1e-04,0.0026,0.02,0.1157,0.2227,0.0504,0.0023,0,0.0025,0.0193,0.1194
"329","G42680",0.031,0.181,0.0066,0,5e-04,0.2729,0.0967,0.0454,0.2837,0.0089,0,3e-04,0.2807,0.143,0.0316,0.2248,0.0073,0,4e-04,0.262,0.112,0.0308,0.219,0.0078,0,3e-04,0.271,0.1079
"330","G42700",0.1374,0.6886,0.0241,0,5e-04,0.3381,0.3387,0.0951,0.9183,0.0295,0,4e-04,0.2886,0.384,0.144,0.99,0.0317,0,4e-04,0.2935,0.4952,0.1071,0.8198,0.0282,0,5e-04,0.2421,0.4608
"331","G43100",0.0102,0.0598,0.0031,0,0.0023,0.0396,0.0288,0.0104,0.0485,0.0028,0,0.0022,0.0525,0.0245,0.0097,0.0549,0.0032,0,0.0021,0.0451,0.0276,0.0137,0.0596,0.0033,0,0.0017,0.0463,0.0335
"332","G43300",0.0578,0.2166,0.0121,0,0.0018,0.0416,0.1613,0.0384,0.226,0.0085,0,0.0025,0.0565,0.0911,0.0314,0.1815,0.0126,0,0.0013,0.0432,0.1251,0.0389,0.1914,0.0121,0,0.0017,0.0459,0.1061
"333","G43340",2.0127,0.6385,0.0115,0,0.0023,0.0295,0.9487,2.1435,0.7794,0.0126,0,0.0023,0.0276,0.9979,2.2884,0.706,0.0135,0,0.0023,0.0277,1.0803,2.6794,0.7584,0.0148,0,0.0025,0.0257,1.1253
"334","G43420",0.8166,0.4997,0.0116,3e-04,0.0022,0.0648,0.5233,0.7148,0.4329,0.0107,1e-04,0.0011,0.0651,0.4512,0.5778,0.6066,0.0112,3e-04,0.0022,0.066,0.5467,0.5225,0.5225,0.0137,3e-04,0.002,0.0744,0.4546
"335","G43580",0.0378,0.1455,0.0139,0,0.0032,0.0299,0.0917,0.0317,0.1347,0.0088,0,0.0026,0.0382,0.078,0.0341,0.1394,0.0098,0,0.0032,0.0319,0.0827,0.0277,0.159,0.0069,0,0.0027,0.0301,0.0707
"336","G43620",0.0077,0.0518,0.0018,0,0.0034,0.019,0.0227,0.0086,0.0626,0.0021,0,0.0044,0.0196,0.0279,0.0073,0.0596,0.002,0,0.003,0.0163,0.0264,0.0093,0.0768,0.0019,0,0.0032,0.0172,0.0302
"337","G43780",0.0488,0.2447,0.0127,0,0.0027,0.032,0.1131,0.0453,0.1903,0.0131,0,0.0032,0.0375,0.1103,0.051,0.2478,0.0129,0,0.0028,0.0315,0.1192,0.0119,0.1707,0.0146,0,0.0025,0.046,0.0826
"338","G43900",0.1553,0.3035,0.0202,0,0.0021,0.0378,0.2147,0.145,0.3352,0.0224,0,0.0022,0.0353,0.2019,0.1495,0.3135,0.022,0,0.0023,0.0378,0.2239,0.1446,0.3236,0.0234,0,0.0022,0.0396,0.2249
"339","G44060",0.0217,0.2388,0.0032,0,0.0028,0.0329,0.0935,NA,NA,NA,NA,NA,NA,NA,0.0196,0.2363,0.0025,0,0.0026,0.0294,0.0908,0.022,0.2576,0.0033,0,0.0024,0.0359,0.1163
"340","G44100",0.0185,0.1341,0.0018,0,0.0014,0.032,0.0539,0.0213,0.165,0.0025,0,0.0016,0.0403,0.0881,0.0182,0.1359,0.0021,0,0.0017,0.0333,0.0622,0.0203,0.1443,0.0022,0,0.0014,0.0339,0.0663
"341","G44140",0.0569,0.1085,0.0061,0,0.0012,0.035,0.0845,0.0501,0.1358,0.0082,0,0.0014,0.0386,0.091,0.0506,0.1278,0.0065,0,0.0013,0.0345,0.095,0.0516,0.1259,0.0063,0,0.0012,0.0334,0.0926
"342","G44180",0.0059,0.2794,0.0057,0,0.0028,0.0296,0.0729,0.0046,0.2991,0.005,0,0.0022,0.0372,0.0673,0.0062,0.2972,0.0057,0,0.0027,0.0276,0.0737,0.0058,0.3281,0.0051,0,0.0029,0.0262,0.0749
"343","G44220",0.0119,0.3408,0.0176,0,0.003,0.0545,0.1035,0.0109,0.3192,0.016,0,0.0032,0.0493,0.0824,0.0107,0.2898,0.0148,0,0.0029,0.0489,0.0942,0.0095,0.2458,0.0126,0,0.0025,0.0446,0.0591
"344","G44300",0.0016,0.058,4e-04,0,4e-04,0.0135,0.0272,0.001,0.0778,0.0011,0,7e-04,0.0233,0.0252,0.0021,0.0507,4e-04,0,5e-04,0.0155,0.0289,0.0023,0.049,5e-04,0,5e-04,0.0144,0.0302
"345","G44420",0.0071,0.1479,0.0154,0,0.002,0.0579,0.0509,0.0073,0.1182,0.0151,0,0.0019,0.0668,0.0523,0.0067,0.1259,0.0136,0,0.0018,0.0591,0.0458,0.0047,0.1366,0.0099,0,0.0016,0.046,0.0462
"346","G44700",4.2592,0.3836,0.0553,0.0032,0.0043,0.0209,1.303,4.5207,0.3805,0.0505,0.0027,0.0043,0.0198,1.1657,4.3512,0.4184,0.0517,0.0034,0.0041,0.0189,1.3604,4.0431,0.3945,0.0487,0.0034,0.0043,0.0193,1.2193
"347","G44940",1.3755,0.6892,0.0428,0,0.0026,0.0427,0.8323,1.5619,0.8146,0.0567,0,0.0031,0.0462,0.9738,1.3246,0.6753,0.0421,0,0.0029,0.0442,0.9272,1.4904,0.6398,0.0499,0,0.0021,0.0406,0.7948
"348","G45060",0.011,0.1053,0.0032,0,0.002,0.0359,0.0459,0.0117,0.1284,0.0033,0,0.0021,0.0334,0.0576,0.0116,0.1076,0.0037,0,0.0021,0.0388,0.0545,0.0112,0.1149,0.0037,0,0.0022,0.0336,0.0572
"349","G45220",0.5136,0.2466,0.0033,0,0.0011,0.0188,0.395,0.5298,0.2868,0.003,0,0.0011,0.016,0.4461,0.567,0.264,0.0036,0,0.0011,0.0159,0.3732,0.5965,0.2339,0.0025,0,0.0011,0.0159,0.4141
"350","G45300",0.1665,0.238,0.0069,1e-04,0.0014,0.0455,0.2169,0.1787,0.2494,0.0072,1e-04,0.0014,0.0456,0.2325,0.1685,0.2406,0.0069,1e-04,0.0013,0.0465,0.2136,0.1685,0.2522,0.0075,1e-04,0.0014,0.0465,0.2268
"351","G45460",7e-04,0.2535,0.0072,0,0.0019,0.038,0.0571,6e-04,0.2112,0.0045,0,9e-04,0.0256,0.0449,6e-04,0.2564,0.0058,0,0.0018,0.0336,0.056,NA,NA,NA,NA,NA,NA,NA
"352","G45500",0.1735,0.3563,0.0111,0,0.0013,0.0358,0.2809,0.0792,0.5664,0.0107,0,0.0013,0.0525,0.2572,0.1836,0.5492,0.0122,0,0.0018,0.0413,0.402,0.1957,0.8104,0.0098,0,0.001,0.0403,0.4521
"353","G45540",0.0177,0.2731,0.0415,0,9e-04,0.2036,0.116,0.0129,0.3199,0.0401,0,6e-04,0.2081,0.1223,0.0202,0.26,0.0325,0,6e-04,0.2066,0.1186,0.0261,0.3026,0.0502,0,6e-04,0.1614,0.1239
"354","G45780",0.0807,0.3391,0.0072,0,0.0022,0.0279,0.2009,0.0818,0.3405,0.0066,0,0.0022,0.0283,0.1951,0.0882,0.3456,0.0073,0,0.0023,0.0299,0.1961,0.0844,0.365,0.0074,0,0.0021,0.0273,0.2053
"355","G45820",0.037,0.2068,0.0033,0,0.0018,0.0444,0.0986,0.0328,0.1883,0.0031,0,0.0014,0.0415,0.1012,0.046,0.1415,0.003,0,0.0015,0.0346,0.0944,0.0347,0.1822,0.0022,0,0.0012,0.0343,0.075
"356","G45940",0.5862,0.0432,0.0045,5e-04,0.0018,0.0269,0.1907,0.7506,0.0436,0.0046,4e-04,0.0018,0.0239,0.2146,0.6157,0.0436,0.0046,4e-04,0.0017,0.023,0.1985,0.7126,0.0419,0.0039,3e-04,0.0015,0.022,0.184
"357","G46060",0.9239,0.4089,0.0069,1e-04,0.0019,0.0391,0.5999,1.0745,0.4832,0.0063,0,0.0014,0.0337,0.6832,0.9127,0.3991,0.007,1e-04,0.0018,0.0373,0.6047,0.9278,0.4535,0.0073,1e-04,0.0018,0.0361,0.6308
"358","G46140",0.2259,0.2855,0.0081,0,0.0038,0.0287,0.2631,0.2462,0.2975,0.0092,0,0.0041,0.0229,0.2696,0.2482,0.2981,0.0085,0,0.0036,0.027,0.2878,0.2432,0.3141,0.0088,0,0.0039,0.0289,0.3117
"359","G46220",0.5111,0.3525,0.0151,0,0.0017,0.0257,0.3316,0.4687,0.3998,0.0197,0,0.0015,0.0278,0.3892,0.6656,0.4265,0.0143,0,0.0019,0.0273,0.421,0.8376,0.4737,0.0149,0,0.0013,0.0228,0.476
"360","G46300",0.1067,0.3749,0.0282,0,0.0031,0.0191,0.238,0.1289,0.592,0.0241,0,0.0034,0.0263,0.3188,0.1016,0.3992,0.0277,0,0.0031,0.0242,0.2701,0.0657,0.3069,0.0159,0,0.0024,0.0201,0.1444
"361","G46340",0.3237,0.3724,0.0157,0,0.0027,0.0322,0.3158,0.3783,0.407,0.0156,0,0.002,0.0246,0.362,0.2832,0.3445,0.0165,0,0.0026,0.0272,0.3579,0.3243,0.4145,0.0158,0,0.0023,0.0256,0.3907
"362","G46520",36.3195,0.0389,0.0034,7e-04,0.0027,0.0485,1.0709,30.9545,0.0417,0.003,6e-04,0.0024,0.0488,1.0875,34.5616,0.0354,0.0028,6e-04,0.0025,0.0472,1.0637,35.8722,0.0343,0.0026,6e-04,0.0023,0.0454,1.0078
"363","G46540",0.0045,0.1823,0.0056,0,0.0013,0.0507,0.0552,0.0052,0.2267,0.0055,0,0.0011,0.0469,0.0605,0.0041,0.1866,0.0055,0,0.0013,0.0492,0.0496,0.0049,0.2045,0.0065,0,0.0015,0.0482,0.0584
"364","G46660",0.3335,0.6944,0.0234,0,0.0037,0.0222,0.4914,0.3411,0.7998,0.0193,0,0.0023,0.0215,0.6603,0.3325,0.6218,0.0218,0,0.0031,0.022,0.517,0.3754,0.4752,0.0196,0,0.0033,0.0205,0.4249
"365","G46700",2.7885,0.0765,0.0095,2e-04,0.0025,0.0218,0.5663,2.7592,0.0773,0.0105,1e-04,0.0022,0.0194,0.474,2.6118,0.0753,0.0095,2e-04,0.0025,0.0237,0.5348,2.475,0.0734,0.0082,2e-04,0.0029,0.0206,0.5675
"366","G47020",1.3264,0.1453,0.0121,0,0.0038,0.032,0.4914,1.4243,0.2561,0.0388,0,0.0019,0.041,0.5239,2.3738,0.1677,0.015,0,0.0038,0.029,0.5808,2.095,0.1877,0.0152,0,0.0041,0.0261,0.5963
"367","G47220",0.7292,0.3182,0.0361,0,0.0012,0.0353,0.4747,0.8113,0.2791,0.0314,0,0.001,0.0318,0.361,0.8156,0.3151,0.0293,0,0.0014,0.0357,0.4667,1.0186,0.2943,0.042,0,0.0014,0.0269,0.5051
"368","G47260",0.7082,0.106,0.0048,0,0.0026,0.0204,0.276,0.7819,0.1047,0.0048,0,0.0025,0.0197,0.293,0.7314,0.1134,0.0052,0,0.0026,0.0206,0.2746,0.7304,0.1091,0.0055,0,0.0027,0.0206,0.2879
"369","G47300",12.9024,1.2518,0.1785,0.0201,0.005,0.0133,3.7831,13.1132,1.2571,0.1837,0.0152,0.0045,0.0125,3.4223,12.8556,1.3127,0.1766,0.02,0.0049,0.0133,3.6396,13.9797,1.2964,0.1751,0.0211,0.0055,0.0145,3.9276
"370","G47380",0.7824,0.4975,0.0184,2e-04,0.0043,0.0203,0.6672,0.6157,0.3923,0.019,0,0.0029,0.0187,0.4375,0.8565,0.6034,0.0192,2e-04,0.0047,0.0206,0.7743,1.074,0.6348,0.0217,3e-04,0.0042,0.0224,0.7273
"371","G47460",0.074,0.2005,0.0074,0,0.0032,0.0484,0.1629,0.0309,0.1059,0.0056,0,7e-04,0.0478,0.0675,0.0871,0.1913,0.0121,0,0.0021,0.0535,0.1411,0.0527,0.1372,0.0092,0,0.001,0.0377,0.13
"372","G47580",0.7049,0.4464,0.0134,0,0.0041,0.0239,0.506,0.8228,0.4342,0.0108,0,0.0033,0.0166,0.5418,0.6889,0.4658,0.0129,0,0.0027,0.0266,0.4757,0.8376,0.4463,0.0112,0,0.0029,0.0231,0.4692
"373","G47900",1.6946,0.0297,0.0031,2e-04,0.0032,0.0164,0.2739,1.7828,0.0255,0.0029,1e-04,0.003,0.0178,0.2536,1.7344,0.0289,0.003,1e-04,0.0031,0.0165,0.2602,1.698,0.0256,0.0027,1e-04,0.003,0.016,0.2418
"374","G47940",0.0068,0.0972,0.0029,0,0.0025,0.0449,0.041,0.007,0.1212,0.0024,0,0.0024,0.0328,0.0527,0.008,0.1105,0.0026,0,0.0018,0.0375,0.0502,0.0065,0.1102,0.0013,0,0.0016,0.0317,0.055
"375","G48060",0.0077,0.2428,0.0092,0,0.0033,0.0307,0.0865,0.0091,0.229,0.0058,0,0.0024,0.0272,0.0715,0.0088,0.2177,0.0064,0,0.0028,0.0308,0.0903,0.0097,0.2225,0.0067,0,0.003,0.033,0.0884
"376","G48140",0.0024,0.1091,0.0031,0,0.0026,0.0295,0.0313,0.0017,0.081,0.0038,0,0.0031,0.0419,0.0229,0.0017,0.1006,0.0028,0,0.0022,0.0291,0.0277,0.0016,0.0884,0.0034,0,0.003,0.0366,0.0281
"377","G48260",0.0015,0.2619,0.0084,0,0.0014,0.0914,0.0533,0.0015,0.2182,0.0073,0,0.0013,0.0806,0.0489,0.0013,0.241,0.0084,0,0.0013,0.0681,0.0436,0.0014,0.2267,0.0063,0,0.001,0.0725,0.0546
"378","G48300",0.1896,0.2331,0.0361,0,0.0021,0.0392,0.2679,NA,NA,NA,NA,NA,NA,NA,0.1586,0.1995,0.0283,0,0.0018,0.0478,0.2127,0.1589,0.1732,0.026,0,0.0031,0.0422,0.1519
"379","G48540",8e-04,0.1678,0.0052,0,0.0015,0.0658,0.0399,7e-04,0.1934,0.0057,0,0.0012,0.0723,0.0455,9e-04,0.1926,0.0047,0,0.0014,0.0693,0.0478,9e-04,0.222,0.0041,0,0.0016,0.0863,0.0558
"380","G48620",0.1165,0.3097,0.0092,0,0.0033,0.0229,0.2016,0.1292,0.2956,0.009,0,0.0035,0.0231,0.2125,0.13,0.3411,0.0108,0,0.0033,0.0215,0.2175,0.1318,0.3094,0.0099,0,0.0035,0.0227,0.2123
"381","G48660",0.0864,0.3042,0.0083,0,0.0027,0.0301,0.2078,0.0982,0.2654,0.0081,0,0.0025,0.028,0.1867,0.0924,0.2965,0.0077,0,0.0024,0.0277,0.1941,0.0931,0.3173,0.008,0,0.0027,0.0289,0.1952
"382","G48700",9e-04,0.1159,0.0064,0,0.0012,0.0607,0.0409,0.0011,0.1682,0.0094,0,0.0015,0.0669,0.0413,0.0011,0.1469,0.0065,0,0.0011,0.0676,0.0381,0.001,0.1711,0.0093,0,0.0016,0.0608,0.0521
"383","G48900",0.0372,0.1853,0.0034,0,0.0015,0.0412,0.0931,0.0434,0.1974,0.0038,0,0.002,0.0419,0.1143,0.0419,0.1897,0.0039,0,0.0016,0.0423,0.1114,0.044,0.2275,0.0037,0,0.0016,0.0416,0.1217
"384","G49020",0.0139,0.0831,0.015,0,0.0029,0.0469,0.0446,0.0116,0.057,0.0138,0,0.002,0.0406,0.0352,0.0109,0.0641,0.0112,0,0.0022,0.0342,0.0323,0.0131,0.0778,0.0122,0,0.0021,0.0435,0.0287
"385","G49180",0.1082,0.2192,0.012,0,0.002,0.0376,0.1536,0.1164,0.2436,0.015,0,0.0022,0.0396,0.164,0.1095,0.2466,0.0143,0,0.002,0.037,0.1655,0.1095,0.2994,0.0136,0,0.0018,0.0377,0.1907
"386","G49340",0.0274,0.0463,0.0051,0,0.0015,0.0319,0.0426,0.0192,0.0418,0.0045,0,0.0015,0.0282,0.036,0.0295,0.0484,0.0051,0,0.0018,0.0298,0.0453,0.0311,0.0486,0.0052,0,0.0017,0.0282,0.0457
"387","G49420",0.9492,0.5057,0.0547,9e-04,0.0054,0.0204,0.6835,2.1789,0.5487,0.0776,8e-04,0.0054,0.0157,0.94,1.0364,0.4184,0.0574,8e-04,0.0052,0.0187,0.6794,1.2623,0.7613,0.0724,9e-04,0.007,0.0177,0.9157
"388","G49500",Inf,34.4364,0.1774,10.8003,0.0012,0.0584,156.0574,NA,NA,NA,NA,NA,NA,NA,Inf,40.4782,0.14,9.5701,0.001,0.053,170.5573,Inf,50.7764,0.2014,9.6263,9e-04,0.0613,209.1146
"389","G49620",0.0082,0.0602,0.0083,0,0.0017,0.0386,0.0324,0.0083,0.0732,0.0092,0,0.002,0.0366,0.0336,0.008,0.0541,0.0081,0,0.0019,0.0358,0.0328,0.0088,0.0724,0.008,0,0.002,0.038,0.036
"390","G49660",0.0088,0.3649,0.0071,0,0.0012,0.0554,0.1007,0.0084,0.3462,0.0077,0,0.0013,0.0548,0.1059,0.0085,0.376,0.0081,0,0.0012,0.057,0.1145,0.0084,0.3581,0.0074,0,0.0011,0.0572,0.1146
"391","G49700",0.7056,0.4027,0.0355,1e-04,0.0035,0.0317,0.472,0.5509,0.2618,0.0312,3e-04,0.0018,0.0265,0.3945,0.5978,0.2883,0.0448,1e-04,0.0046,0.0263,0.5337,0.5746,0.3242,0.0307,1e-04,0.0037,0.0236,0.5513
"392","G49740",4.3527,0.7337,0.0783,0.0014,0.0015,0.0423,1.462,3.4292,0.7086,0.1008,0.0011,0.0012,0.0376,1.3495,4.9229,0.7724,0.0831,0.0011,0.0012,0.0475,1.4331,7.8932,0.5746,0.063,9e-04,0.001,0.0353,1.2713
